country,iso_alpha3,whostandard,natstandard,population,pm_1998,pm_1999,pm_2000,pm_2001,pm_2002,pm_2003,pm_2004,pm_2005,pm_2006,pm_2007,pm_2008,pm_2009,pm_2010,pm_2011,pm_2012,pm_2013,pm_2014,pm_2015,pm_2016,pm_2017,pm_2018,llpp_who_1998,llpp_who_1999,llpp_who_2000,llpp_who_2001,llpp_who_2002,llpp_who_2003,llpp_who_2004,llpp_who_2005,llpp_who_2006,llpp_who_2007,llpp_who_2008,llpp_who_2009,llpp_who_2010,llpp_who_2011,llpp_who_2012,llpp_who_2013,llpp_who_2014,llpp_who_2015,llpp_who_2016,llpp_who_2017,llpp_who_2018,llpp_nat_1998,llpp_nat_1999,llpp_nat_2000,llpp_nat_2001,llpp_nat_2002,llpp_nat_2003,llpp_nat_2004,llpp_nat_2005,llpp_nat_2006,llpp_nat_2007,llpp_nat_2008,llpp_nat_2009,llpp_nat_2010,llpp_nat_2011,llpp_nat_2012,llpp_nat_2013,llpp_nat_2014,llpp_nat_2015,llpp_nat_2016,llpp_nat_2017,llpp_nat_2018
Aruba,ABW,10,0,118013,3.96,3.6500001,3.1400001,3.3299999,2.3499999,3.1800001,2.4200001,3.1400001,2.28,3.45,3.0699999,2.3399999,3.96,2.9400001,4.3200002,2.3299999,3.26,2.8599999,4.4899998,2.73,2.21,0,0,0,0,0,0,0,0,0,0,0,0,0,0,0,0,0,0,0,0,0,,,,,,,,,,,,,,,,,,,,,
Afghanistan,AFG,10,10,30278455,24.469999,21.889999,29.57,22.74,27.280001,21.91,19.799999,16.65,25.49,19.049999,24.83,24.76,24.469999,34.720001,27.950001,27.01,24.110001,29.58,22.1,21.9,30.93,1.42,1.17,1.92,1.25,1.6900001,1.17,.95999998,.64999998,1.52,.88999999,1.45,1.45,1.42,2.4200001,1.76,1.67,1.38,1.92,1.1900001,1.17,2.05,1.42,1.17,1.92,1.25,1.6900001,1.17,.95999998,.64999998,1.52,.88999999,1.45,1.45,1.42,2.4200001,1.76,1.67,1.38,1.92,1.1900001,1.17,2.05
Angola,AGO,10,0,31245980,15.47,12.61,12.58,14.68,14.7,13.78,13.7,14.3,12.89,13.45,14.27,14.48,15.47,14.79,15.25,15.33,13.94,15.88,16.67,14.15,14.83,.54000002,.30000001,.30000001,.47,.47,.38999999,.38999999,.44,.31999999,.36000001,.44,.44,.54000002,.47,.51999998,.52999997,.40000001,.57999998,.64999998,.43000001,.47999999,,,,,,,,,,,,,,,,,,,,,
Anguilla,AIA,10,0,17756,2.7,1.64,2.5999999,2.04,1.39,1.7,1.74,1.67,1.66,1.9299999,1.55,1.58,2.7,1.38,2.74,1.17,1.64,2.0599999,2.1400001,1.33,1.3200001,0,0,0,0,0,0,0,0,0,0,0,0,0,0,0,0,0,0,0,0,0,,,,,,,,,,,,,,,,,,,,,
Åland,ALA,10,0,29715,5.73,7.6199999,6.8899999,5.7800002,6.2600002,6.5100002,4.9099998,5.7600002,7.2199998,5.2399998,5.4499998,6.1999998,5.73,5.77,5.0900002,5.21,6.25,4.3400002,4.4699998,3.8599999,4.9099998,0,0,0,0,0,0,0,0,0,0,0,0,0,0,0,0,0,0,0,0,0,,,,,,,,,,,,,,,,,,,,,
Albania,ALB,10,15,3063723,8.1899996,16.530001,17.209999,14.54,17.1,15.99,11.21,16.719999,16.219999,15.8,12.44,14.87,8.1899996,17.780001,15.75,14.39,9.7299995,15,12.92,12.41,12.91,.0099999998,.63999999,.70999998,.44,.69999999,.58999997,.15000001,.66000003,.61000001,.56999999,.25,.47999999,.0099999998,.75999999,.56,.43000001,.07,.49000001,.28999999,.25,.28999999,0,.2,.23999999,.079999998,.22,.16,0,.2,.18000001,.15000001,.029999999,.090000004,0,.28999999,.16,.079999998,0,.12,.050000001,.029999999,.039999999
Andorra,AND,10,25,85671,6.3299999,10.66,9.8400002,9.0699997,9.6000004,7.8000002,7.6500001,7.9699998,7.1399999,7.8400002,5.6700001,7.7800002,6.3299999,8.3699999,7.5900002,6.5500002,4.8499999,6.2600002,7.0300002,5.8800001,5.6500001,0,.059999999,0,0,0,0,0,0,0,0,0,0,0,0,0,0,0,0,0,0,0,0,0,0,0,0,0,0,0,0,0,0,0,0,0,0,0,0,0,0,0,0
United Arab Emirates,ARE,10,0,9819828,22.83,20.360001,26.75,18.76,22.610001,18.75,18.33,19.190001,26.809999,21.02,31.459999,28.52,22.83,26.07,39.779999,27.030001,18.59,29.35,20.219999,22.959999,26.040001,1.26,1.02,1.64,.86000001,1.24,.86000001,.81999999,.89999998,1.65,1.08,2.0999999,1.8099999,1.26,1.58,2.9200001,1.67,.83999997,1.9,1,1.27,1.5700001,,,,,,,,,,,,,,,,,,,,,
Argentina,ARG,10,15,45220840,6.8099999,7.8800001,7.3299999,7.3000002,7.5,6.4499998,6.52,6.6599998,6.8600001,6.9099998,6.6500001,7.02,6.8099999,7.6300001,6.5900002,6.7399998,7.0300002,6.9000001,7.1599998,6.23,6.8499999,.059999999,.059999999,.059999999,.050000001,.059999999,.029999999,.039999999,.039999999,.039999999,.050000001,.039999999,.050000001,.059999999,.059999999,.050000001,.050000001,.039999999,.039999999,.050000001,.029999999,.039999999,.0099999998,.0099999998,.0099999998,.0099999998,.0099999998,0,0,0,0,.0099999998,0,.0099999998,.0099999998,.0099999998,0,.0099999998,0,0,0,0,0
Armenia,ARM,10,0,3038195,12.23,15.62,14.1,12.75,13.7,13.36,14.14,12.58,15.57,13.8,16.66,15.97,12.23,17.799999,16.059999,17.049999,17.1,19.290001,14.55,14.66,16.67,.23,.55000001,.40000001,.28999999,.37,.34999999,.41,.28,.55000001,.38,.64999998,.57999998,.23,.75999999,.60000002,.69,.69999999,.91000003,.44999999,.46000001,.64999998,,,,,,,,,,,,,,,,,,,,,
American Samoa,ASM,10,0,46136,.74000001,.69999999,.66000003,.56,.68000001,.69999999,.66000003,.94999999,.66000003,.63999999,.64999998,.62,.74000001,.64999998,.50999999,.57999998,.75,.56,.94,.73000002,.60000002,0,0,0,0,0,0,0,0,0,0,0,0,0,0,0,0,0,0,0,0,0,,,,,,,,,,,,,,,,,,,,,
French Southern Territories,ATF,10,0,35392,4.9299998,3.54,3.8499999,5.8699999,4.9400001,4.1999998,3.97,4.1700001,3.8099999,4.4699998,3.8399999,5.4699998,4.9299998,5.5500002,5.7199998,5.75,5.5300002,6.3200002,6.6399999,3.54,3.8199999,0,0,0,0,0,0,0,0,0,0,0,0,0,0,0,0,0,0,0,0,0,,,,,,,,,,,,,,,,,,,,,
Antigua and Barbuda,ATG,10,0,97031,2.78,1.71,2.54,2.25,1.45,1.66,1.71,1.67,1.47,1.99,1.79,1.37,2.78,1.4400001,2.6500001,1.12,1.77,1.91,2.3699999,1.11,1.22,0,0,0,0,0,0,0,0,0,0,0,0,0,0,0,0,0,0,0,0,0,,,,,,,,,,,,,,,,,,,,,
Australia,AUS,10,8,25104206,3.6300001,5.0500002,4.3800001,4.4699998,5.1700001,5.3400002,3.5899999,3.46,4.8400002,4.1300001,3.6300001,4.6700001,3.6300001,4.0999999,3.96,4.2399998,3.98,3.9200001,3.78,4.1300001,3.95,0,0,0,0,0,.0099999998,0,0,0,0,0,0,0,0,0,0,0,0,0,0,0,0,0,0,0,.02,.02,0,0,0,0,0,0,0,0,0,0,0,0,0,0,0
Austria,AUT,10,25,8826852,16.57,21.049999,19.530001,18.33,19.49,18.040001,14.89,18.25,18.280001,13.51,12.86,18.030001,16.57,17.120001,16,17.65,13.73,14.7,15.37,12.38,14.04,.63999999,1.08,.93000001,.81999999,.93000001,.79000002,.47999999,.81,.81,.34999999,.28,.79000002,.63999999,.69999999,.58999997,.75,.37,.46000001,.52999997,.25999999,.40000001,0,0,0,0,0,0,0,0,0,0,0,0,0,0,0,0,0,0,0,0,0
Azerbaijan,AZE,10,0,10085511,10.16,13.08,11.51,9,11.89,10.05,12.18,8.79,13.8,9.0200005,12.78,11.14,10.16,12.86,9.3699999,11.09,12.77,13.55,10.89,11.96,9.79,.07,.30000001,.17,.039999999,.19,.1,.22,.050000001,.37,.07,.30000001,.16,.07,.30000001,.079999998,.15000001,.28999999,.36000001,.12,.20999999,.11,,,,,,,,,,,,,,,,,,,,,
Burundi,BDI,10,0,11533824,18.950001,18.42,23.58,23.440001,20.27,18.690001,20.91,19.870001,17,20.309999,20.58,19.52,18.950001,22.940001,25.58,21.93,21.08,23,23.120001,17.860001,17.299999,.88,.81999999,1.33,1.3200001,1.01,.85000002,1.0700001,.97000003,.69,1.01,1.04,.93000001,.88,1.27,1.53,1.17,1.09,1.27,1.29,.76999998,.72000003,,,,,,,,,,,,,,,,,,,,,
Belgium,BEL,10,25,11651325,18.969999,20.280001,19.68,17.67,17.67,20.709999,18.33,15.66,19.049999,15.54,15.94,17.16,18.969999,16.1,16.620001,15.86,13.69,13.17,14.62,13.34,13.62,.88,1.01,.94999999,.75,.75,1.05,.81999999,.55000001,.88999999,.54000002,.57999998,.69999999,.88,.60000002,.64999998,.56999999,.36000001,.31,.44999999,.33000001,.34999999,0,0,0,0,0,0,0,0,0,0,0,0,0,0,0,0,0,0,0,0,0
Benin,BEN,10,0,12455196,45.970001,29.17,38.490002,29.85,36.34,33.689999,45.759998,39.209999,34.16,39.790001,37.400002,35.580002,45.970001,33.470001,41.189999,28.889999,29.549999,32.52,31.950001,26.969999,40.549999,3.53,1.88,2.79,1.95,2.5799999,2.3199999,3.5,2.8599999,2.3699999,2.9200001,2.6900001,2.51,3.53,2.3,3.0599999,1.85,1.92,2.21,2.1500001,1.66,2.99,,,,,,,,,,,,,,,,,,,,,
"Bonaire, Sint Eustatius and Saba",BES,10,0,24947,3.3199999,2.95,2.7,2.8900001,2,2.3900001,2.25,2.46,1.86,2.95,2.5799999,1.98,3.3199999,2.29,3.5799999,1.88,2.6800001,2.6099999,3.45,2.1900001,1.7,0,0,0,0,0,0,0,0,0,0,0,0,0,0,0,0,0,0,0,0,0,,,,,,,,,,,,,,,,,,,,,
Burkina Faso,BFA,10,0,20304926,19.52,9.1999998,9.6099997,9.6099997,11.22,11.59,14.46,13.07,11.09,12.88,8.9200001,14.92,19.52,10.47,18.48,9.5100002,11.94,12.12,11.65,8.1499996,15.34,.93000001,.079999998,.13,.1,.19,.2,.46000001,.33000001,.16,.30000001,.07,.49000001,.93000001,.13,.82999998,.050000001,.22,.25,.2,.02,.54000002,,,,,,,,,,,,,,,,,,,,,
Bangladesh,BGD,10,15,161930514,56.77,41.240002,48.25,52.110001,52,49.23,49.639999,51.779999,53.299999,54.02,55.720001,67.629997,56.77,68.669998,82.940002,67.209999,69.220001,69.32,70.900002,69.360001,78.25,4.5799999,3.0599999,3.75,4.1300001,4.1199999,3.8399999,3.8900001,4.0900002,4.2399998,4.3099999,4.48,5.6500001,4.5799999,5.75,7.1500001,5.6100001,5.8000002,5.8099999,5.9699998,5.8200002,6.6900001,4.0900002,2.5699999,3.26,3.6400001,3.6300001,3.3499999,3.4000001,3.5999999,3.75,3.8199999,3.99,5.1599998,4.0900002,5.2600002,6.6599998,5.1199999,5.3099999,5.3200002,5.48,5.3299999,6.1999998
Bulgaria,BGR,10,25,7019515,12.59,23.34,21.450001,20.049999,21.809999,19.82,15.53,19.450001,19.639999,16.799999,15.5,17.540001,12.59,22.74,17.959999,17.16,15.9,16.76,16.77,15.05,13.45,.28,1.3099999,1.12,.99000001,1.16,.95999998,.55000001,.93000001,.94,.67000002,.54000002,.74000001,.28,1.25,.77999997,.69999999,.57999998,.66000003,.66000003,.5,.36000001,0,.16,.12,.059999999,.12,.07,0,.059999999,.079999998,0,0,.0099999998,0,.18000001,.0099999998,0,0,0,0,0,0
Bahrain,BHR,10,0,1454701,31.780001,23.52,33.66,19.66,25.309999,23.799999,25.23,27.799999,32.470001,31.16,42.209999,35.349998,31.780001,33.209999,48.799999,33.27,30.02,41.82,24.540001,34.77,38.07,2.1300001,1.3200001,2.3199999,.94999999,1.5,1.35,1.49,1.74,2.2,2.0699999,3.1600001,2.48,2.1300001,2.27,3.8,2.28,1.96,3.1199999,1.4299999,2.4300001,2.75,,,,,,,,,,,,,,,,,,,,,
Bahamas,BHS,10,0,335458,4.3699999,5.7600002,6.5500002,5.5500002,5.1399999,5.1799998,5.0599999,5.25,6.0100002,4.4499998,4.5,5.4400001,4.3699999,3.9400001,5.3899999,4.1500001,4.9299998,3.6400001,3.26,3.2,3.5699999,0,0,0,0,0,0,0,0,0,0,0,0,0,0,0,0,0,0,0,0,0,,,,,,,,,,,,,,,,,,,,,
Bosnia and Herzegovina,BIH,10,25,3842951,16.26,23.42,20.469999,18.389999,20.1,19.33,15.21,20.26,19.57,17.08,14.63,18.969999,16.26,22.32,19.879999,19.35,13.71,20.549999,16.98,15.31,16.73,.62,1.3200001,1.03,.81999999,.99000001,.91000003,.50999999,1.01,.94,.69,.46000001,.88,.62,1.21,.97000003,.92000002,.38,1.03,.68000001,.51999998,.66000003,0,.079999998,.02,0,0,0,0,.0099999998,0,0,0,0,0,.029999999,0,0,0,0,0,0,0
Saint-Barthélemy,BLM,10,0,45138,2.4100001,2.3099999,2.5899999,3.4200001,1.92,1.8,1.66,2.23,1.53,2.74,1.8099999,1.59,2.4100001,1.4,2.6900001,1.34,1.83,1.9299999,2.4300001,1.21,1.53,0,0,0,0,0,0,0,0,0,0,0,0,0,0,0,0,0,0,0,0,0,,,,,,,,,,,,,,,,,,,,,
Belarus,BLR,10,15,9502143,19.379999,20.75,17.719999,16.620001,20.889999,15.52,14.72,16.01,19.700001,16.299999,14.47,17.959999,19.379999,14.96,14.21,14.56,15.03,14.2,13.38,14.13,13.74,.92000002,1.05,.75999999,.64999998,1.0700001,.54000002,.46000001,.58999997,.94999999,.62,.44,.77999997,.92000002,.49000001,.41,.44999999,.49000001,.41,.33000001,.41,.37,.43000001,.56,.27000001,.16,.57999998,.1,.029999999,.12,.46000001,.14,.02,.28999999,.43000001,.059999999,.07,.050000001,.039999999,.039999999,.02,.050000001,.0099999998
Belize,BLZ,10,0,391728,7.0700002,10.19,13.19,9.6599998,9.1199999,11.46,7.1599998,10.29,8.1000004,10.21,8.21,9.3699999,7.0700002,9.3699999,9.04,11.29,10.94,10.46,8.1700001,8.3199997,9.71,0,.029999999,.31,.029999999,.02,.15000001,0,.050000001,0,.059999999,0,.029999999,0,.050000001,0,.14,.11,.090000004,.0099999998,0,.02,,,,,,,,,,,,,,,,,,,,,
Bermuda,BMU,10,30,71472,2.6199999,3.3199999,4.3200002,4.0300002,3.1500001,3.47,3.26,3.4300001,3.4000001,3.5,2.8099999,2.54,2.6199999,2.23,2.27,2.1199999,2.0599999,1.92,1.8099999,2.01,1.76,0,0,0,0,0,0,0,0,0,0,0,0,0,0,0,0,0,0,0,0,0,0,0,0,0,0,0,0,0,0,0,0,0,0,0,0,0,0,0,0,0,0
Bolivia,BOL,10,10,11386530,15.65,16.02,13.83,11.47,13.61,10.55,12.71,12.95,10.62,14.2,10.09,12.8,15.65,13.51,12.43,11.46,12.01,13.62,13.88,13.35,12.9,.56,.63,.41999999,.2,.38,.25,.44,.41999999,.27000001,.50999999,.2,.28999999,.56,.34999999,.25999999,.18000001,.22,.36000001,.38999999,.34,.30000001,.56,.63,.41999999,.2,.38,.25,.44,.41999999,.27000001,.50999999,.2,.28999999,.56,.34999999,.25999999,.18000001,.22,.36000001,.38999999,.34,.30000001
Brazil,BRA,10,0,210051194,8.8000002,9.71,8.6999998,8.5699997,8.6099997,8.0299997,8.3199997,7.9899998,7.4000001,8.6499996,7.71,8.8599997,8.8000002,8.6499996,8.3500004,8.0600004,7.5799999,9.1199999,8.8100004,8.4099998,8.4099998,.14,.25,.17,.11,.1,.090000004,.13,.1,.07,.14,.07,.12,.14,.11,.090000004,.079999998,.050000001,.15000001,.11,.11,.1,,,,,,,,,,,,,,,,,,,,,
Barbados,BRB,10,0,293874,1.96,1.83,2.25,2.8399999,1.58,1.52,1.25,1.61,1.41,2.03,1.45,1.38,1.96,1.1,2.2,1.24,1.3099999,1.4,1.97,1.1,1.24,0,0,0,0,0,0,0,0,0,0,0,0,0,0,0,0,0,0,0,0,0,,,,,,,,,,,,,,,,,,,,,
Brunei,BRN,10,0,453521,11.06,11.01,9.71,9.4499998,14.88,12.21,12.71,11.53,16.52,10.74,9.4899998,17.299999,11.06,13.09,13.59,12.3,12.62,15.44,14.25,9.8199997,11.98,.17,.15000001,.079999998,.059999999,.47999999,.23,.27000001,.19,.63999999,.14,.07,.72000003,.17,.30000001,.34999999,.23999999,.25999999,.52999997,.41999999,.079999998,.20999999,,,,,,,,,,,,,,,,,,,,,
Bhutan,BTN,10,0,775391,33.369999,21.790001,25.09,26.209999,25.950001,27.59,30.969999,31.219999,30.6,31.08,33.549999,37.299999,33.369999,30.57,38.84,32.009998,35.34,34.98,33.619999,34.529999,36.130001,2.29,1.16,1.48,1.59,1.5599999,1.72,2.05,2.0799999,2.02,2.0699999,2.3099999,2.6700001,2.29,2.02,2.8299999,2.1600001,2.48,2.45,2.3199999,2.4000001,2.5599999,,,,,,,,,,,,,,,,,,,,,
Botswana,BWA,10,0,2281447,10.35,7.6500001,8.3500004,10.31,8.7200003,8.2799997,7.96,8.5200005,7.9699998,8.0500002,9.6000004,9.2600002,10.35,10.3,10.56,9.2600002,9.3599997,9.8900003,10.02,8.54,8.6999998,.079999998,.050000001,.039999999,.079999998,.039999999,.029999999,.029999999,.029999999,.029999999,.02,.059999999,.050000001,.079999998,.079999998,.1,.050000001,.050000001,.059999999,.059999999,.029999999,.029999999,,,,,,,,,,,,,,,,,,,,,
Central African Republic,CAF,10,0,5898310,28.549999,29.780001,28.469999,22.370001,24.040001,26.09,30.280001,23.6,22.809999,26.26,25.870001,28.74,28.549999,30.799999,31.889999,27.639999,25.41,31.620001,30.969999,26.24,32.029999,1.8200001,1.9400001,1.8099999,1.21,1.38,1.58,1.99,1.33,1.26,1.59,1.5599999,1.84,1.8200001,2.04,2.1500001,1.73,1.51,2.1199999,2.05,1.59,2.1600001,,,,,,,,,,,,,,,,,,,,,
Canada,CAN,10,10,37384180,7.0999999,10.04,9.4200001,9.8299999,10.36,9.7799997,8.2700005,9.3400002,8.6700001,8.04,8.3000002,7.9699998,7.0999999,7.9099998,8.0799999,7.5599999,8.0600004,8.1300001,6.6199999,8.0200005,8.5600004,0,.13,.090000004,.13,.17,.1,.02,.12,.050000001,.029999999,.02,.0099999998,0,.02,.0099999998,0,.0099999998,0,0,.02,.029999999,0,.13,.090000004,.13,.17,.1,.02,.12,.050000001,.029999999,.02,.0099999998,0,.02,.0099999998,0,.0099999998,0,0,.02,.029999999
Cocos Islands,CCK,10,0,485,1.5599999,2.05,2.05,1.8,2.24,1.77,2.5699999,1.6799999,2.3599999,2.4400001,1.84,2.0799999,1.5599999,1.59,1.77,1.85,1.99,2.04,1.54,2.0899999,2.1400001,0,0,0,0,0,0,0,0,0,0,0,0,0,0,0,0,0,0,0,0,0,,,,,,,,,,,,,,,,,,,,,
Switzerland,CHE,10,0,8356683,14.4,23.4,18.559999,17.209999,16.629999,17.969999,12.92,13.98,15.92,12.8,13.99,17.700001,14.4,15.84,15.74,16.549999,11.97,14.24,14.68,10.73,11.93,.43000001,1.3099999,.83999997,.70999998,.64999998,.77999997,.28999999,.38999999,.57999998,.28,.38999999,.75,.43000001,.56999999,.56,.63999999,.19,.41999999,.46000001,.1,.19,,,,,,,,,,,,,,,,,,,,,
Chile,CHL,10,20,18056025,11.62,14.84,11.91,12.42,11.5,9.2600002,10.47,11.38,10.24,10.3,11.19,11.7,11.62,12.72,11.89,11.9,12.21,13.12,14.32,12.11,11.99,.31,.58999997,.34999999,.38999999,.31,.14,.23,.28999999,.22,.20999999,.27000001,.31999999,.31,.38,.31999999,.33000001,.34999999,.41,.52999997,.34,.33000001,0,.079999998,.0099999998,0,0,0,0,0,0,0,0,0,0,0,0,0,0,0,.039999999,0,0
China,CHN,10,35,1397419194,50.380001,39.470001,44.310001,45.5,44.529999,45.82,45.110001,46.439999,53.02,52.380001,48.869999,49.389999,50.380001,58.34,49.73,52.080002,49.57,45.02,45.290001,38.779999,37.549999,3.96,2.8900001,3.3699999,3.48,3.3900001,3.51,3.4400001,3.5699999,4.2199998,4.1599998,3.8099999,3.8599999,3.96,4.7399998,3.8900001,4.1300001,3.8800001,3.4300001,3.46,2.8199999,2.7,1.73,.87,1.22,1.23,1.2,1.3,1.27,1.39,1.9400001,1.89,1.59,1.6,1.73,2.4000001,1.62,1.86,1.61,1.22,1.25,.72000003,.68000001
Côte d'Ivoire,CIV,10,0,26845572,33.110001,28.559999,37.080002,23.280001,29.26,28.84,44.049999,35.310001,25.01,31.35,29.27,27.610001,33.110001,33.060001,34.459999,22.93,24.58,30.370001,29.59,22.860001,31.84,2.26,1.8200001,2.6500001,1.3,1.89,1.85,3.3399999,2.48,1.47,2.0899999,1.89,1.73,2.26,2.26,2.4000001,1.27,1.4299999,2,1.92,1.26,2.1400001,,,,,,,,,,,,,,,,,,,,,
Cameroon,CMR,10,10,27034523,29.49,29.290001,31.870001,23.67,24.879999,25.57,30,27.77,22.969999,27.040001,26.629999,24.91,29.49,25.780001,30.190001,23.690001,23.15,30.43,32.509998,26.219999,31.129999,1.91,1.9,2.1500001,1.37,1.47,1.53,1.97,1.75,1.28,1.67,1.64,1.46,1.91,1.55,1.98,1.35,1.29,2,2.21,1.6,2.0699999,1.91,1.9,2.1500001,1.37,1.47,1.53,1.97,1.75,1.28,1.67,1.64,1.46,1.91,1.55,1.98,1.35,1.29,2,2.21,1.6,2.0699999
Democratic Republic of the Congo,COD,10,0,98570245,28.719999,29.74,34.919998,26.940001,27.76,26.450001,29.190001,26.35,22.940001,25.73,26.65,27.34,28.719999,28.459999,32.5,30.370001,28.66,33.98,33.48,26.6,28.969999,1.84,1.9299999,2.4400001,1.66,1.74,1.61,1.88,1.6,1.27,1.54,1.63,1.7,1.84,1.8099999,2.2,2,1.83,2.3499999,2.3,1.63,1.86,,,,,,,,,,,,,,,,,,,,,
Republic of Congo,COG,10,0,5209945,30.23,26.48,30.34,25.049999,27.76,26.719999,27.610001,26.299999,23.42,24.25,28.719999,28.469999,30.23,27.940001,27.6,30.190001,28.68,30.9,31.9,26.620001,29.959999,1.98,1.61,1.99,1.48,1.74,1.64,1.73,1.6,1.3200001,1.4,1.83,1.8099999,1.98,1.76,1.73,1.98,1.83,2.05,2.1500001,1.63,1.96,,,,,,,,,,,,,,,,,,,,,
Cook Islands,COK,10,0,7987,.63,.60000002,.56,.52999997,.64999998,.68000001,.63,.74000001,.63,.56999999,.63999999,.62,.63,.55000001,.61000001,.66000003,.67000002,.61000001,.62,.56999999,.64999998,0,0,0,0,0,0,0,0,0,0,0,0,0,0,0,0,0,0,0,0,0,,,,,,,,,,,,,,,,,,,,,
Colombia,COL,10,25,48641787,23.99,30.639999,32.040001,19.75,18.33,22.530001,19.16,19.75,19.49,19.879999,20.620001,19.23,23.99,23.48,21,20.4,21.639999,19.65,21.780001,20.889999,21.85,1.37,2.03,2.1600001,.95999998,.85000002,1.23,.93000001,.95999998,.94,.97000003,1.04,.93000001,1.37,1.33,1.08,1.03,1.14,.94999999,1.16,1.08,1.17,.27000001,.81,.93000001,.050000001,.02,.2,.059999999,.090000004,.079999998,.039999999,.12,.050000001,.27000001,.28,.090000004,.059999999,.14,.039999999,.11,.11,.14
Comoros,COM,10,0,770719,2.25,2.26,2.5599999,3.03,2.5699999,2.6400001,2.1800001,2.52,2.3499999,2.6800001,2.0699999,2.6700001,2.25,2.9100001,2.54,2.6900001,2.25,2.6300001,2.6500001,2.29,2.52,0,0,0,0,0,0,0,0,0,0,0,0,0,0,0,0,0,0,0,0,0,,,,,,,,,,,,,,,,,,,,,
Cape Verde,CPV,10,0,575839,3.1500001,3.3099999,4.1300001,3.27,2.48,2.4300001,3.24,4.4099998,1.98,4.7800002,2.5599999,2.52,3.1500001,2.45,4.5599999,3.23,2.1800001,3.0999999,3.25,1.42,2.51,0,0,0,0,0,0,0,0,0,0,0,0,0,0,0,0,0,0,0,0,0,,,,,,,,,,,,,,,,,,,,,
Costa Rica,CRI,10,0,5043136,6.0900002,5.4299998,5.2600002,5.4000001,4.4899998,5.1100001,4.4299998,5.7399998,5.1799998,5.96,5.5300002,6.1799998,6.0900002,6.3200002,6.96,6.25,6.4000001,7.0100002,7.3200002,6.9400001,5.5700002,0,0,0,0,0,0,0,0,0,0,0,0,0,0,0,0,0,0,0,0,0,,,,,,,,,,,,,,,,,,,,,
Cuba,CUB,10,0,11115946,5.5700002,6.3499999,8.1999998,7.6700001,7.04,7,6.2800002,6.1999998,6.5599999,6.71,6.25,7.6700001,5.5700002,5.8499999,6.9000001,6.2600002,6.8400002,6.8899999,5.0100002,4.9200001,6.2800002,0,0,0,0,0,0,0,0,0,0,0,0,0,0,0,0,0,0,0,0,0,,,,,,,,,,,,,,,,,,,,,
Curaçao,CUW,10,0,150809,3.6600001,3.52,2.79,3.1700001,2.3599999,2.8900001,2.3900001,2.8399999,2.02,3.1800001,2.8900001,2.1099999,3.6600001,2.8199999,3.79,2.1099999,3.05,2.99,4.4400001,2.8399999,2.23,0,0,0,0,0,0,0,0,0,0,0,0,0,0,0,0,0,0,0,0,0,,,,,,,,,,,,,,,,,,,,,
Christmas Island,CXR,10,0,1721,2.4000001,4.1999998,3.1400001,3.3099999,3.48,3.29,4.0300002,2.77,3.6400001,3.99,2.8599999,3.6199999,2.4000001,2.95,3.9100001,3.4400001,4.0900002,3.8399999,3.1400001,3.05,4.2399998,0,0,0,0,0,0,0,0,0,0,0,0,0,0,0,0,0,0,0,0,0,,,,,,,,,,,,,,,,,,,,,
Cayman Islands,CYM,10,0,60781,6.1199999,6.75,8.4899998,7.73,7.1300001,8.1499996,6.8099999,6.6599998,7.9000001,7.73,6.73,7.77,6.1199999,5.8000002,7.3400002,7.4899998,8.1999998,8.3699999,5.27,5.1799998,7.3499999,0,0,0,0,0,0,0,0,0,0,0,0,0,0,0,0,0,0,0,0,0,,,,,,,,,,,,,,,,,,,,,
Cyprus,CYP,10,25,835717,7.4400001,9.4099998,9.5900002,12.06,7.6199999,7.8499999,8.8100004,9.9200001,15.03,8.1700001,8.6499996,8.0799999,7.4400001,10.56,10.32,10.71,9.1800003,11.94,9.8500004,7.6999998,11.51,0,.039999999,.050000001,.2,0,0,.029999999,.059999999,.49000001,.0099999998,.02,.0099999998,0,.090000004,.079999998,.090000004,.029999999,.19,.059999999,0,.15000001,0,0,0,0,0,0,0,0,0,0,0,0,0,0,0,0,0,0,0,0,0
Czech Republic,CZE,10,25,10703192,23.200001,25.370001,22.76,22.799999,24.52,21.709999,18.280001,22.82,21.940001,17.4,16.15,20.43,23.200001,20.860001,19.870001,21.42,17.65,18.08,18.799999,15.51,16.139999,1.29,1.51,1.25,1.25,1.42,1.15,.81,1.26,1.17,.73000002,.60000002,1.02,1.29,1.0599999,.97000003,1.12,.75,.79000002,.86000001,.54000002,.60000002,.07,.19,.039999999,.059999999,.12,.050000001,.0099999998,.1,.07,.0099999998,0,.029999999,.07,.029999999,.0099999998,.029999999,0,0,.0099999998,0,0
Germany,DEU,10,25,80299256,18.370001,19.77,17.91,16.709999,18.66,17.780001,15.22,15.2,16.219999,14.09,14.34,15.43,18.370001,16.360001,14.92,15.7,13.56,13.73,14.35,12.48,12.76,.81999999,.95999998,.76999998,.66000003,.85000002,.75999999,.50999999,.50999999,.61000001,.40000001,.43000001,.52999997,.81999999,.62,.47999999,.56,.34999999,.37,.43000001,.25,.27000001,0,0,0,0,0,0,0,0,0,0,0,0,0,0,0,0,0,0,0,0,0
Djibouti,DJI,10,0,902239,15.48,16.18,16.809999,12.59,16.82,12.56,14.66,14.21,17.68,13.7,16.26,18.24,15.48,19.67,23.790001,17.809999,16.24,20.940001,17.620001,16.43,20.530001,.54000002,.61000001,.67000002,.25,.67000002,.25,.46000001,.41,.75,.36000001,.61000001,.81,.54000002,.94999999,1.35,.76999998,.61000001,1.0700001,.75,.63,1.03,,,,,,,,,,,,,,,,,,,,,
Dominica,DMA,10,0,74144,3.3299999,2.8299999,3.3900001,3.4100001,2,2.52,2.3299999,2.48,1.78,3.0799999,2.27,1.73,3.3299999,1.8200001,3.8499999,1.89,2.3099999,2.3,3.22,1.61,1.76,0,0,0,0,0,0,0,0,0,0,0,0,0,0,0,0,0,0,0,0,0,,,,,,,,,,,,,,,,,,,,,
Denmark,DNK,10,25,5810217,13.33,15.92,16.24,10.81,14.36,15.73,11.2,12.52,13.71,12.36,8.8599997,10.71,13.33,13.41,9.3100004,9.1700001,11.67,9.1199999,8.6300001,9.4300003,11.29,.34,.57999998,.61000001,.11,.43000001,.56,.14,.25,.36000001,.23999999,.0099999998,.079999998,.34,.34,.02,.029999999,.18000001,.02,.0099999998,.029999999,.14,0,0,0,0,0,0,0,0,0,0,0,0,0,0,0,0,0,0,0,0,0
Dominican Republic,DOM,10,15,10375646,7.5300002,6.7800002,8.8000002,6.8499999,6.4899998,7.52,5.9000001,7.52,7.1599998,7.9299998,6.8499999,7.3499999,7.5300002,5.7800002,8.1099997,6.1700001,7.2600002,8.5600004,7.1199999,6.5500002,7.02,0,0,.02,0,0,.0099999998,0,.0099999998,0,.0099999998,0,0,0,0,.0099999998,0,.0099999998,.02,0,0,.0099999998,0,0,0,0,0,0,0,0,0,0,0,0,0,0,0,0,0,0,0,0,0
Algeria,DZA,10,0,42327578,5.04,10.16,6.3200002,7.98,8.6099997,5.5799999,6.75,9,7.7199998,7.4699998,8.1199999,7.3099999,5.04,7.9099998,7.8499999,8.0500002,4.8499999,9.6099997,5.1999998,10.29,8.1700001,0,.090000004,0,.0099999998,.02,0,0,.02,.0099999998,.0099999998,0,0,0,0,.0099999998,.0099999998,0,.039999999,0,.090000004,.0099999998,,,,,,,,,,,,,,,,,,,,,
Ecuador,ECU,10,15,16696991,14.85,11.59,11.47,11.43,12.1,11.56,12.68,12.69,11.84,13.25,12.58,13.34,14.85,13.29,13.78,13.31,13.63,14.22,14.93,13.69,13.23,.47999999,.2,.19,.18000001,.23999999,.2,.28999999,.28999999,.20999999,.33000001,.28999999,.34,.47999999,.34,.38,.34,.37,.41999999,.49000001,.38,.34,.11,.02,.029999999,.050000001,.050000001,.039999999,.07,.07,.039999999,.07,.059999999,.079999998,.11,.090000004,.090000004,.079999998,.090000004,.1,.12,.1,.059999999
Egypt,EGY,10,0,101789667,11.75,14.73,13.79,13.71,9.8199997,12.93,12.35,13.4,19.08,13.33,12.07,12.61,11.75,14.17,15.33,13.27,11.36,16.24,13.38,10.37,15.02,.19,.46000001,.37,.36000001,.039999999,.28999999,.23,.33000001,.88999999,.33000001,.2,.25999999,.19,.41,.51999998,.31999999,.15000001,.61000001,.33000001,.090000004,.49000001,,,,,,,,,,,,,,,,,,,,,
Eritrea,ERI,10,0,6009777,13.64,14.6,14.75,10.09,11.73,9.5900002,9.3699999,10,14.05,11.44,12.47,13.73,13.64,13.94,16.24,13.41,12.11,15.37,12.92,14.38,15.86,.36000001,.44999999,.47,.039999999,.17,.02,.029999999,.029999999,.40000001,.14,.23999999,.37,.36000001,.38999999,.61000001,.33000001,.20999999,.52999997,.28999999,.43000001,.56999999,,,,,,,,,,,,,,,,,,,,,
Western Sahara,ESH,10,0,635779,2.8599999,3.4100001,3.9000001,2.8900001,5.3699999,3.54,4.6799998,7.5300002,1.58,5.3800001,3.8099999,4.8699999,2.8599999,2.8,4.04,3.47,2.6600001,2.8399999,2.4400001,1.3200001,4.5,0,0,0,0,0,0,0,0,0,0,0,0,0,0,0,0,0,0,0,0,0,,,,,,,,,,,,,,,,,,,,,
Spain,ESP,10,25,49634985,7.48,10.74,10.16,9.6499996,10.36,8.79,8.8199997,9.1800003,8.2200003,9.5799999,7.0500002,8,7.48,9.3000002,8.2600002,7.54,5.23,7.2199998,7.6100001,7.0500002,6.7600002,.02,.16,.14,.07,.12,.050000001,.039999999,.050000001,.029999999,.07,.0099999998,.029999999,.02,.07,.029999999,.02,0,.0099999998,.02,.0099999998,.0099999998,0,0,0,0,0,0,0,0,0,0,0,0,0,0,0,0,0,0,0,0,0
Estonia,EST,10,25,1234461,10.51,11.13,9.1499996,8,9.9099998,8.6499996,7.46,8.9499998,10.68,8.0299997,7.8600001,8.7200003,10.51,7.77,7.6900001,7.1599998,9.0200005,6.0500002,6.73,5.3200002,8.4200001,.1,.12,.0099999998,0,.039999999,.0099999998,0,.0099999998,.079999998,0,.0099999998,.02,.1,0,0,0,0,0,0,0,.0099999998,0,0,0,0,0,0,0,0,0,0,0,0,0,0,0,0,0,0,0,0,0
Ethiopia,ETH,10,0,108433036,15.54,10.16,11.4,13.66,13.32,11.2,11.64,11.33,14.42,12.88,13.9,15.02,15.54,16.610001,17.9,16.91,14.37,17.41,15.35,14.4,16.08,.55000001,.11,.2,.37,.34,.17,.20999999,.20999999,.44999999,.31,.40000001,.5,.55000001,.64999998,.77999997,.68000001,.44,.73000002,.52999997,.44999999,.61000001,,,,,,,,,,,,,,,,,,,,,
Finland,FIN,10,25,5514918,7.5599999,9.5600004,8.3299999,7.0599999,7.23,7.29,6.6500001,7.1300001,8.6400003,6.1599998,6.25,7.02,7.5599999,6.54,6.4099998,5.7800002,7.9099998,5.3600001,5.7600002,4.6599998,6.3099999,.0099999998,.059999999,.02,0,.0099999998,0,0,0,.029999999,0,0,0,.0099999998,0,0,0,.0099999998,0,0,0,0,0,0,0,0,0,0,0,0,0,0,0,0,0,0,0,0,0,0,0,0,0
Fiji,FJI,10,0,1117015,1.39,1.45,1.28,1.28,1.4299999,1.27,1.28,1.53,1.2,1.36,1.8099999,1.47,1.39,1.52,1.3200001,1.61,1.36,1.35,1.67,1.49,1.4299999,0,0,0,0,0,0,0,0,0,0,0,0,0,0,0,0,0,0,0,0,0,,,,,,,,,,,,,,,,,,,,,
Falkland Islands,FLK,10,0,3198,.80000001,.87,.85000002,.76999998,.94,.88,.88,.94,.89999998,.87,.82999998,.89999998,.80000001,.94,1.14,.77999997,.77999997,.95999998,.79000002,.82999998,.86000001,0,0,0,0,0,0,0,0,0,0,0,0,0,0,0,0,0,0,0,0,0,,,,,,,,,,,,,,,,,,,,,
France,FRA,10,25,65439581,12.95,16.389999,13.74,13.61,12.79,14.89,12.01,12.26,13.22,12.55,11.1,12.69,12.95,12.06,11.61,12.79,9.1800003,9.96,11.41,9.25,10.18,.34,.63,.38999999,.36000001,.31,.49000001,.25,.25,.36000001,.27000001,.2,.31,.34,.25999999,.23999999,.33000001,.090000004,.12,.20999999,.079999998,.13,0,0,0,0,0,0,0,0,0,0,0,0,0,0,0,0,0,0,0,0,0
Faroe Islands,FRO,10,0,51319,1.49,2.05,2.1800001,2.2,2.9300001,2.46,1.83,1.64,1.73,1.4,1.35,1.91,1.49,1.5599999,1.23,1.3,1.86,1.49,1.0700001,1.3200001,1.85,0,0,0,0,0,0,0,0,0,0,0,0,0,0,0,0,0,0,0,0,0,,,,,,,,,,,,,,,,,,,,,
Micronesia,FSM,10,0,90959,.81999999,.69999999,.70999998,.76999998,1.1900001,.76999998,.95999998,.76999998,1.01,.69,.60000002,1.02,.81999999,.77999997,.66000003,.82999998,.85000002,1.37,.74000001,.64999998,.74000001,0,0,0,0,0,0,0,0,0,0,0,0,0,0,0,0,0,0,0,0,0,,,,,,,,,,,,,,,,,,,,,
Gabon,GAB,10,0,2164606,21.5,19.58,22.870001,19.32,20.58,22.450001,20.139999,19.66,16.309999,17.030001,21.15,18.92,21.5,20.879999,18.5,21.16,18.299999,22.469999,25.23,19.93,21.57,1.13,.94,1.26,.91000003,1.04,1.22,.99000001,.94999999,.62,.69,1.09,.87,1.13,1.0700001,.82999998,1.09,.81,1.22,1.49,.97000003,1.13,,,,,,,,,,,,,,,,,,,,,
United Kingdom,GBR,10,25,65390895,10.53,15.48,14.7,11.94,13.3,17.82,11.9,12.06,11.23,11.78,12.06,10.23,10.53,10.57,9.7399998,10.22,10.13,8.1999998,10.52,9.04,9.8199997,.12,.56,.49000001,.23999999,.34999999,.76999998,.23999999,.23999999,.18000001,.20999999,.27000001,.12,.12,.16,.079999998,.13,.1,.0099999998,.13,.07,.079999998,0,0,0,0,0,0,0,0,0,0,0,0,0,0,0,0,0,0,0,0,0
Georgia,GEO,10,0,4940569,9.8800001,14.52,13.45,11.85,12.04,10.93,11.99,10.86,13.86,11.75,13.28,12.88,9.8800001,14.34,11.68,13.36,13.95,14.42,12.14,12.83,12.72,.11,.44999999,.34999999,.22,.25,.19,.25,.16,.38999999,.22,.34,.30000001,.11,.44,.22,.34999999,.40000001,.44999999,.25,.30000001,.28999999,,,,,,,,,,,,,,,,,,,,,
Guernsey,GGY,10,0,66880,7.1599998,10.23,8.79,8.1099997,8.3800001,11.66,8.5299997,8.0900002,8.29,8.7799997,7.7800002,6.52,7.1599998,6.96,6.3000002,6.52,6.3800001,5.3499999,8.1599998,5.52,6.9099998,0,.029999999,0,0,0,.16,0,0,0,0,0,0,0,0,0,0,0,0,0,0,0,,,,,,,,,,,,,,,,,,,,,
Ghana,GHA,10,0,28698237,38.060001,29.18,40.880001,26.34,34.41,32.970001,45.110001,36.720001,29.15,38.040001,33.650002,30.42,38.060001,34.52,38.259998,25.049999,25.51,32.169998,31.57,26.379999,36.27,2.75,1.88,3.03,1.6,2.3900001,2.25,3.4400001,2.6199999,1.88,2.75,2.3199999,2,2.75,2.4000001,2.77,1.48,1.52,2.1700001,2.1099999,1.61,2.5699999,,,,,,,,,,,,,,,,,,,,,
Gibraltar,GIB,10,0,30110,7.8800001,10.09,8.6599998,10.16,9.8800001,8.4099998,9.6400003,8.75,9.2299995,10.15,7.6999998,8.2600002,7.8800001,9.8800001,8.9200001,7.6799998,5.1900001,8.0100002,7.7600002,8.5699997,7.0799999,0,.0099999998,0,.02,.0099999998,0,.0099999998,0,0,.0099999998,0,0,0,.0099999998,0,0,0,0,0,0,0,,,,,,,,,,,,,,,,,,,,,
Guinea,GIN,10,0,12181620,21.23,18.440001,17.459999,15.85,16.93,17.879999,21.860001,22.16,15.86,18.459999,17.059999,19.4,21.23,18,23.27,16.440001,19.120001,16.629999,16.76,13.4,17.629999,1.1,.82999998,.73000002,.56999999,.68000001,.76999998,1.16,1.1900001,.56999999,.82999998,.69,.92000002,1.1,.77999997,1.3,.63,.88999999,.64999998,.66000003,.33000001,.75,,,,,,,,,,,,,,,,,,,,,
Guadeloupe,GLP,10,25,390991,3.0799999,2.3599999,3.03,2.8499999,1.83,2.01,2.2,2.21,1.67,2.6900001,2.0699999,1.59,3.0799999,1.7,3.1800001,1.52,2.26,2.0599999,2.76,1.34,1.46,0,0,0,0,0,0,0,0,0,0,0,0,0,0,0,0,0,0,0,0,0,0,0,0,0,0,0,0,0,0,0,0,0,0,0,0,0,0,0,0,0,0
Gambia,GMB,10,0,2136200,11.48,10.92,9.7299995,8.9300003,9.1899996,9.04,8.3400002,11.34,9.1800003,10.32,10.35,12.79,11.48,9.3100004,14.7,11.1,10.77,10.72,9.2299995,8.0500002,9.3699999,.15000001,.12,.050000001,.029999999,.039999999,.050000001,.050000001,.13,.039999999,.059999999,.079999998,.27000001,.15000001,.050000001,.46000001,.11,.13,.090000004,.039999999,.02,.039999999,,,,,,,,,,,,,,,,,,,,,
Guinea-Bissau,GNB,10,0,1868104,14.69,14.1,12.94,12.04,13.21,12.44,12.82,16.139999,12.77,14.31,12.81,15.68,14.69,13.25,19.24,13.29,14.61,13.2,11.87,10.12,13.46,.46000001,.40000001,.28999999,.2,.31,.23999999,.28,.60000002,.27000001,.41999999,.28,.56,.46000001,.31999999,.91000003,.31999999,.44999999,.31,.18000001,.039999999,.34,,,,,,,,,,,,,,,,,,,,,
Equatorial Guinea,GNQ,10,0,801171,22.84,24.690001,29.790001,22.23,23.07,24.09,24.33,22.6,16.27,21.77,23.889999,19.030001,22.84,23.190001,20.35,19.700001,19.82,25.58,29.4,24.040001,24.73,1.26,1.4400001,1.9400001,1.2,1.28,1.38,1.4,1.23,.61000001,1.15,1.36,.88999999,1.26,1.29,1.02,.94999999,.95999998,1.53,1.9,1.38,1.4400001,,,,,,,,,,,,,,,,,,,,,
Greece,GRC,10,25,10717002,6.25,13.14,12.97,14.06,14.46,13.01,10.18,13.18,14.87,11.83,10.06,11.57,6.25,15.42,11.39,12.18,9.25,12.64,11.58,8.3800001,10.6,.0099999998,.33000001,.31999999,.40000001,.44999999,.31999999,.11,.31999999,.47999999,.20999999,.11,.19,.0099999998,.52999997,.19,.23,.1,.27000001,.19,.050000001,.12,0,0,0,0,0,0,0,0,0,0,0,0,0,0,0,0,0,0,0,0,0
Grenada,GRD,10,0,112665,1.98,1.9400001,1.91,2.74,1.52,1.6900001,1.4,1.48,1.1,1.84,1.46,1.16,1.98,1.12,2.3199999,1.15,1.38,1.46,2.0699999,1.11,1.22,0,0,0,0,0,0,0,0,0,0,0,0,0,0,0,0,0,0,0,0,0,,,,,,,,,,,,,,,,,,,,,
Greenland,GRL,10,0,60670,1.24,1.52,1.4,1.37,1.51,1.5,1.5700001,1.45,1.39,1.17,1.28,1.24,1.24,1.25,1.4400001,1.39,1.5,1.22,.94,1.65,1.09,0,0,0,0,0,0,0,0,0,0,0,0,0,0,0,0,0,0,0,0,0,,,,,,,,,,,,,,,,,,,,,
Guatemala,GTM,10,10,16876371,15.49,19.379999,25.610001,17.16,15.79,17.35,12.08,15.26,14.78,15.73,14.35,18.030001,15.49,18.540001,18.26,19.73,16.719999,19.99,17.709999,16.219999,17.059999,.54000002,.92000002,1.53,.69999999,.56999999,.72000003,.23,.51999998,.47,.56,.43000001,.79000002,.54000002,.83999997,.81,.94999999,.66000003,.98000002,.75999999,.61000001,.69,.54000002,.92000002,1.53,.69999999,.56999999,.72000003,.23,.51999998,.47,.56,.43000001,.79000002,.54000002,.83999997,.81,.94999999,.66000003,.98000002,.75999999,.61000001,.69
French Guiana,GUF,10,0,296063,8.1800003,12.48,13.23,9.8400002,8.0299997,7.3899999,7.2600002,8.0699997,8.75,9.79,9.2600002,6.9099998,8.1800003,4.6599998,11.87,4.98,5.2600002,6.8200002,7.7199998,5.3299999,8.75,0,.23999999,.31999999,.029999999,0,0,0,0,0,.0099999998,0,0,0,0,.18000001,0,0,0,0,0,0,,,,,,,,,,,,,,,,,,,,,
Guam,GUM,10,12,168147,1.47,1,1.58,1.77,2.3,1.6900001,2.9400001,1.53,2.3599999,1.22,1.13,1.73,1.47,1.23,1.36,2.1199999,1.64,3.8599999,1.4299999,1.1900001,1.78,0,0,0,0,0,0,0,0,0,0,0,0,0,0,0,0,0,0,0,0,0,0,0,0,0,0,0,0,0,0,0,0,0,0,0,0,0,0,0,0,0,0
Guyana,GUY,10,0,723031,8.2399998,12.29,10.76,8.3299999,6.0599999,7.8800001,7.71,7.3499999,7.79,9.2200003,9.0299997,6.1199999,8.2399998,5.6300001,9.7600002,5.1599998,5.4400001,6.4400001,8.1300001,4.9299998,5.9099998,0,.25999999,.13,.02,0,0,0,0,0,.0099999998,.0099999998,0,0,0,.039999999,0,0,0,.02,0,0,,,,,,,,,,,,,,,,,,,,,
Honduras,HND,10,0,9137290,10.51,13.31,14.83,11.63,11.55,13.08,8.1700001,12.06,9.6700001,11.44,11.24,13.15,10.51,14.25,12.91,14.76,13.22,15.52,12.44,10.41,11.74,.1,.34999999,.47999999,.18000001,.18000001,.31,0,.20999999,.079999998,.16,.15000001,.31999999,.1,.41999999,.30000001,.47999999,.31999999,.55000001,.25999999,.1,.19,,,,,,,,,,,,,,,,,,,,,
Croatia,HRV,10,25,4250602,14.46,21.780001,18.02,16.1,19.41,18.26,13.9,19.15,18.9,14.89,13.04,16.83,14.46,18.15,15.31,16.049999,12.22,16.73,13.99,12.87,14.87,.44999999,1.15,.79000002,.60000002,.92000002,.81,.40000001,.89999998,.87,.47999999,.31,.67000002,.44999999,.80000001,.51999998,.58999997,.23999999,.66000003,.38999999,.28999999,.47999999,0,.02,0,0,0,0,0,0,0,0,0,0,0,0,0,0,0,0,0,0,0
Haiti,HTI,10,0,10953307,7.4499998,6.9899998,9.3400002,7.3600001,6.9299998,8.3299999,6.3400002,7.9000001,7.8499999,8.6800003,8.2399998,8.3599997,7.4499998,6.2600002,8.5699997,7.46,8.1300001,9.4200001,6.6300001,6.8299999,8.3400002,0,0,.039999999,0,0,.0099999998,0,.0099999998,.0099999998,.02,.02,.02,0,0,.029999999,0,.0099999998,.039999999,0,0,.0099999998,,,,,,,,,,,,,,,,,,,,,
Hungary,HUN,10,25,9801747,20.299999,26.17,22.59,20.41,23.040001,21.65,17.67,21.08,21.530001,16.780001,14.05,18.67,20.299999,20.889999,17.709999,16.780001,14.44,18,15,14.81,14.41,1.01,1.58,1.23,1.02,1.28,1.14,.75,1.09,1.13,.66000003,.40000001,.85000002,1.01,1.0700001,.75999999,.66000003,.44,.77999997,.49000001,.47,.43000001,0,.17,.02,0,.0099999998,0,0,0,0,0,0,0,0,0,0,0,0,0,0,0,0
Indonesia,IDN,10,0,262712875,32.07,37.330002,34.360001,34.18,30.76,26.110001,29.370001,28.16,32.490002,28.040001,28.870001,27.23,32.07,30.85,30.74,28.700001,31.809999,37.75,36,32.150002,30.290001,2.22,2.72,2.4400001,2.4200001,2.0599999,1.63,1.9299999,1.83,2.24,1.8,1.9,1.72,2.22,2.0699999,2.0599999,1.87,2.1600001,2.74,2.5899999,2.21,2.02,,,,,,,,,,,,,,,,,,,,,
Isle of Man,IMN,10,0,89967,5.4000001,7.6199999,6.7600002,5.6599998,7.0700002,9.8299999,5.73,5.9099998,5.5799999,6.6300001,4.6900001,4.5500002,5.4000001,4.8099999,4.7600002,4.1500001,4.8000002,4.4299998,4.8899999,3.96,5.0300002,0,0,0,0,0,0,0,0,0,0,0,0,0,0,0,0,0,0,0,0,0,,,,,,,,,,,,,,,,,,,,,
India,IND,10,40,1311540857,61.279999,47.459999,50.98,53.389999,56.16,54.93,55.93,50.900002,51.130001,54.98,60.400002,63.540001,61.279999,69.160004,75.589996,70.68,68.059998,66.559998,74.849998,68.550003,74.639999,5.0300002,3.6700001,4.02,4.25,4.52,4.4000001,4.5,4.0100002,4.0300002,4.4099998,4.9400001,5.25,5.0300002,5.8000002,6.4299998,5.9499998,5.6900001,5.54,6.3600001,5.7399998,6.3299999,2.25,1.28,1.55,1.62,1.9,1.8099999,1.88,1.37,1.38,1.73,2.1700001,2.4300001,2.25,2.9400001,3.55,3.1199999,2.8099999,2.7,3.47,2.8399999,3.4200001
Ireland,IRL,10,25,5120739,5.4000001,6.77,5.9400001,6.02,6.3699999,9.75,4.96,6.02,5.8200002,6.6500001,4.9499998,4.77,5.4000001,4.3699999,4.79,4.1999998,4.5,4.2399998,5,3.8499999,4.4099998,0,0,0,0,0,.059999999,0,0,0,0,0,0,0,0,0,0,0,0,0,0,0,0,0,0,0,0,0,0,0,0,0,0,0,0,0,0,0,0,0,0,0,0
Iran,IRN,10,10,83904404,15.79,16.790001,18.58,11.97,16.200001,15.61,14.42,13.17,17.74,15.34,19.51,20.379999,15.79,21.030001,21.799999,17.549999,17.66,20.940001,13.46,15.65,19.969999,.56999999,.67000002,.83999997,.2,.61000001,.55000001,.43000001,.31999999,.75999999,.51999998,.93000001,1.02,.56999999,1.08,1.16,.74000001,.75,1.0700001,.34999999,.55000001,.98000002,.56999999,.67000002,.83999997,.2,.61000001,.55000001,.43000001,.31999999,.75999999,.51999998,.93000001,1.02,.56999999,1.08,1.16,.74000001,.75,1.0700001,.34999999,.55000001,.98000002
Iraq,IRQ,10,0,40198905,15.97,14.13,17.110001,10.88,14.04,11.55,12.66,13,16.17,14.98,17.73,18.6,15.97,19.059999,21.23,16.530001,14.8,20.219999,12.97,15.73,19.1,.58999997,.41,.69999999,.11,.40000001,.16,.27000001,.31,.60000002,.49000001,.75999999,.83999997,.58999997,.88999999,1.1,.63999999,.47,1,.30000001,.56,.88999999,,,,,,,,,,,,,,,,,,,,,
Iceland,ISL,10,0,330944,2.8,2.74,2.76,2.5999999,3.22,2.99,2.4100001,2.51,2.1300001,1.96,1.9299999,2.8299999,2.8,2.6199999,2.8099999,2.52,2.7,2.5599999,2.1300001,2.8299999,2.4200001,0,0,0,0,0,0,0,0,0,0,0,0,0,0,0,0,0,0,0,0,0,,,,,,,,,,,,,,,,,,,,,
Israel,ISR,10,25,8666252,9.75,10.6,11.55,12.24,9.2700005,9.54,10.11,10.02,14.47,10.61,11.43,9.9499998,9.75,13.3,13.24,13.11,11.5,14.54,10.41,10.63,14.25,.02,.07,.15000001,.22,0,.02,.039999999,.029999999,.44,.059999999,.14,.029999999,.02,.31999999,.31999999,.30000001,.15000001,.44999999,.050000001,.07,.41999999,0,0,0,0,0,0,0,0,0,0,0,0,0,0,0,0,0,0,0,0,0
Italy,ITA,10,25,62357872,13.75,23.889999,21.41,16.450001,18.299999,18.040001,14.23,17.98,17.370001,14.58,13.1,16.629999,13.75,17.139999,14.95,15.49,11.16,15.79,13.08,12.75,14.01,.47999999,1.37,1.15,.64999998,.81999999,.81999999,.51999998,.80000001,.74000001,.47999999,.38999999,.68000001,.47999999,.72000003,.51999998,.56,.28999999,.57999998,.37,.31999999,.41999999,0,.47,.37,.0099999998,.059999999,.079999998,.0099999998,.029999999,.02,0,0,0,0,.02,0,0,0,0,0,0,0
Jamaica,JAM,10,15,2810520,9.5699997,7.7800002,8.6999998,7.46,8.25,10.44,8.6499996,9.79,10.02,10.35,9.9300003,9.1400003,9.5699997,7.4299998,10.02,8.7700005,10.1,9.3400002,7.6300001,8.21,9.2399998,.039999999,0,0,0,0,.090000004,0,.050000001,.059999999,.07,.059999999,.0099999998,.039999999,0,.050000001,0,.059999999,.0099999998,0,0,.0099999998,0,0,0,0,0,0,0,0,0,0,0,0,0,0,0,0,0,0,0,0,0
Jersey,JEY,10,0,100348,7.5500002,11.11,8.8999996,9.5900002,8.7600002,11.35,8.4899998,7.77,8.8199997,8.9499998,7.8499999,7.2800002,7.5500002,7.8200002,6.48,7.5,6.2600002,5.3200002,8.1999998,5.5599999,6.8000002,0,.11,0,0,0,.13,0,0,0,0,0,0,0,0,0,0,0,0,0,0,0,,,,,,,,,,,,,,,,,,,,,
Jordan,JOR,10,15,10674363,10.11,8.0699997,9.1700001,10.45,9.3299999,10.79,9.3500004,9.9499998,14.4,10.82,12.28,9.9099998,10.11,13.38,13.72,13.44,11.49,15.27,9.71,10.87,15.11,.029999999,0,0,.059999999,.0099999998,.079999998,.0099999998,.029999999,.43000001,.079999998,.22,.02,.029999999,.33000001,.36000001,.34,.15000001,.51999998,.039999999,.090000004,.5,0,0,0,0,0,0,0,0,.029999999,0,0,0,0,.0099999998,.0099999998,0,0,.050000001,0,0,.050000001
Japan,JPN,10,15,125847700,13.49,14.42,20.110001,18.32,15.44,16.870001,14.57,15.49,16.889999,15.97,16.4,15.08,13.49,14.08,13.93,13.95,14.56,14.01,12.79,14.63,14.19,.34999999,.44999999,.99000001,.81999999,.54000002,.68000001,.46000001,.55000001,.68000001,.58999997,.63,.5,.34999999,.41,.40000001,.40000001,.44999999,.40000001,.28999999,.46000001,.41999999,.050000001,.1,.52999997,.37,.15000001,.23999999,.1,.15000001,.25,.19,.2,.12,.050000001,.07,.059999999,.07,.090000004,.050000001,.029999999,.090000004,.059999999
Kazakhstan,KAZ,10,0,18921056,13.26,13.78,14.98,12.44,14,12.86,10.9,11.08,14.33,12.49,16.02,12.93,13.26,15.44,15.52,13.58,14.67,11.07,13.94,12.4,13.26,.38999999,.43000001,.54000002,.31,.43000001,.34999999,.22,.23999999,.46000001,.34,.62,.38999999,.38999999,.57999998,.57999998,.44,.49000001,.23,.43000001,.33000001,.43000001,,,,,,,,,,,,,,,,,,,,,
Kenya,KEN,10,35,52328657,9.5299997,7.5300002,8.0900002,10.69,8.96,7.0700002,6.8000002,5.9499998,7.0700002,7.48,6.4499998,9.3800001,9.5299997,11.6,12.6,10.86,9.8299999,12.18,10.87,6.9099998,8.9300003,.059999999,.050000001,.050000001,.14,.029999999,.0099999998,0,0,.02,.0099999998,0,.039999999,.059999999,.20999999,.28999999,.14,.07,.25999999,.16,.0099999998,.090000004,0,0,0,0,0,0,0,0,0,0,0,0,0,0,0,0,0,0,0,0,0
Kyrgyzstan,KGZ,10,0,5799204,18.690001,20.139999,25.469999,17.360001,22.719999,19.950001,17.209999,16.469999,23.540001,18.67,23.6,20.790001,18.690001,21.620001,22.08,22.75,20.5,17.309999,17.91,17.040001,23.02,.85000002,.99000001,1.52,.72000003,1.25,.98000002,.70999998,.63999999,1.33,.85000002,1.33,1.0599999,.85000002,1.14,1.1799999,1.25,1.03,.72000003,.77999997,.69,1.28,,,,,,,,,,,,,,,,,,,,,
Cambodia,KHM,10,0,16681346,15.62,11.24,12.8,12.72,14.53,13.05,16.59,15.92,14.92,16.16,14.43,13.71,15.62,16.23,14.64,18.620001,16.66,16.610001,15.92,16.280001,18.57,.55000001,.13,.28,.27000001,.44,.30000001,.64999998,.57999998,.47999999,.60000002,.43000001,.36000001,.55000001,.61000001,.44999999,.83999997,.64999998,.64999998,.57999998,.62,.83999997,,,,,,,,,,,,,,,,,,,,,
Kiribati,KIR,10,0,3675606,11.43,12.92,13.14,12.55,13.14,11.14,13.06,12.1,12.84,11.93,11.58,11.67,11.43,12.29,12.41,11.75,12.72,14.37,12.64,12.22,12.76,.5,.63,.67000002,.58999997,.56999999,.46000001,.61000001,.56999999,.60000002,.51999998,.50999999,.46000001,.5,.51999998,.52999997,.47999999,.52999997,.68000001,.56999999,.54000002,.56,,,,,,,,,,,,,,,,,,,,,
Saint Kitts and Nevis,KNA,10,0,50245,3.1400001,1.9299999,2.55,2.22,1.66,1.84,1.84,2,1.8200001,2.28,1.87,1.8099999,3.1400001,1.6900001,3.1400001,1.51,1.98,2.3199999,2.6800001,1.63,1.54,0,0,0,0,0,0,0,0,0,0,0,0,0,0,0,0,0,0,0,0,0,,,,,,,,,,,,,,,,,,,,,
South Korea,KOR,10,25,51614355,24.17,23.27,26.75,27.459999,23.700001,28.17,23.790001,25.41,27.5,27.1,26.27,27.139999,24.17,25.16,22.85,28.200001,28.780001,27.68,27.26,24.74,22.84,1.39,1.3,1.64,1.71,1.34,1.78,1.35,1.51,1.71,1.6799999,1.59,1.6799999,1.39,1.49,1.26,1.78,1.84,1.73,1.6900001,1.4400001,1.26,.079999998,.050000001,.25,.31,.059999999,.34,.07,.17,.28999999,.25999999,.18000001,.25999999,.079999998,.13,.029999999,.37,.38999999,.33000001,.30000001,.1,.02
Kuwait,KWT,10,15,2958840,24.559999,21.389999,30.200001,16.42,20.76,16.4,16.549999,19.75,19.780001,21.51,29.52,30.99,24.559999,25.110001,43.040001,26.41,22.120001,35.709999,16.08,24.84,35.119999,1.4299999,1.12,1.98,.63,1.05,.63,.63999999,.95999998,.95999998,1.13,1.91,2.0599999,1.4299999,1.48,3.24,1.61,1.1900001,2.52,.60000002,1.45,2.46,.94,.63,1.49,.14,.56,.14,.15000001,.47,.47,.63999999,1.42,1.5700001,.94,.99000001,2.75,1.12,.69999999,2.03,.11,.95999998,1.97
Laos,LAO,10,0,7365756,24.49,20.139999,21.030001,21.290001,22.4,18.42,23.879999,23.15,21.1,26.280001,20.049999,22.559999,24.49,23.33,23.75,26.309999,24,23.51,29.129999,21.76,22.889999,1.42,.99000001,1.08,1.11,1.22,.82999998,1.36,1.29,1.09,1.6,.99000001,1.23,1.42,1.3099999,1.35,1.6,1.37,1.3200001,1.87,1.15,1.26,,,,,,,,,,,,,,,,,,,,,
Lebanon,LBN,10,0,6756715,9.75,10,10.61,12.09,9.1599998,8.6499996,9.7600002,11,13.84,11,10.14,9.6899996,9.75,13.79,12.97,13.35,10.43,14.02,11.98,10.53,13.71,.039999999,.07,.090000004,.2,.02,0,.039999999,.11,.38,.11,.050000001,.039999999,.039999999,.37,.28999999,.33000001,.07,.38999999,.19,.079999998,.36000001,,,,,,,,,,,,,,,,,,,,,
Liberia,LBR,10,0,4926685,25.709999,28.01,29.92,20.559999,24.709999,23.25,37.110001,31.870001,20.629999,25.059999,26.120001,27.299999,25.709999,29.57,28.370001,21.530001,24.25,25.73,28.17,20.110001,25.65,1.54,1.77,1.95,1.03,1.4400001,1.3,2.6600001,2.1400001,1.04,1.48,1.58,1.7,1.54,1.92,1.8,1.13,1.4,1.54,1.78,.99000001,1.53,,,,,,,,,,,,,,,,,,,,,
Libya,LBY,10,0,6758109,3.3699999,4.77,4.3499999,7.2600002,7.3800001,4.9299998,4.5599999,8.6999998,10.96,6.0300002,5.21,7.8000002,3.3699999,8.7299995,5.4499998,10.3,4.3299999,11.99,5.0900002,6.5500002,8.5600004,0,0,0,.0099999998,0,0,0,.02,.2,0,0,.0099999998,0,.039999999,0,.07,0,.2,0,0,.059999999,,,,,,,,,,,,,,,,,,,,,
Saint Lucia,LCA,10,0,147356,2.98,2.5799999,2.97,4,2.1300001,2.0999999,2.22,2.47,1.8200001,2.98,2.05,1.86,2.98,1.65,3.52,1.77,2.3099999,2.27,3.02,1.58,1.77,0,0,0,0,0,0,0,0,0,0,0,0,0,0,0,0,0,0,0,0,0,,,,,,,,,,,,,,,,,,,,,
Liechtenstein,LIE,10,0,38403,12.71,18.18,15.93,17.26,17.190001,16.219999,12.07,13.14,14.42,11.14,12.37,17.4,12.71,15.19,15.38,15.78,11.74,13.81,14.06,10.28,11.02,.27000001,.80000001,.57999998,.70999998,.69999999,.61000001,.2,.31,.43000001,.11,.23,.72000003,.27000001,.50999999,.52999997,.56999999,.17,.37,.40000001,.039999999,.1,,,,,,,,,,,,,,,,,,,,,
Sri Lanka,LKA,10,25,22736505,17.459999,14.14,17.110001,17.690001,14.83,15.7,16.74,16.66,16.049999,17.74,18.08,19,17.459999,20.49,20.389999,19.540001,20.889999,15.1,18.51,21.52,24.92,.73000002,.41,.69999999,.75,.47,.56,.66000003,.64999998,.58999997,.75999999,.79000002,.88,.73000002,1.03,1.02,.94,1.0700001,.5,.82999998,1.13,1.46,0,0,0,0,0,0,0,0,0,0,0,0,0,0,0,0,.0099999998,0,0,.02,.12
Lesotho,LSO,10,0,1965459,8.5200005,8.2399998,7.8400002,8.21,7.46,6.4699998,6.0900002,5.5500002,6.4499998,6.2199998,6.5999999,8.1400003,8.5200005,8.1099997,8.6899996,8.0699997,8.8199997,7.98,8.0299997,6.96,6.9400001,0,0,0,0,0,0,0,0,0,0,0,0,0,0,0,0,0,0,0,0,0,,,,,,,,,,,,,,,,,,,,,
Lithuania,LTU,10,25,2760165,18.5,19.370001,15.92,13.8,17.67,16.15,12.11,15.25,18.559999,15.13,13.49,15.65,18.5,13.88,14.89,13.76,14.43,12.19,11.93,11.1,12.62,.82999998,.92000002,.57999998,.37,.75,.60000002,.20999999,.50999999,.83999997,.5,.34,.55000001,.82999998,.38,.47999999,.37,.43000001,.22,.2,.13,.25999999,0,0,0,0,0,0,0,0,0,0,0,0,0,0,0,0,0,0,0,0,0
Luxembourg,LUX,10,25,614663,16.01,18.91,14.73,14.6,14.72,16.26,13.97,13.74,14.71,12.89,12.96,13.61,16.01,14.17,13.35,15.71,12.07,12.02,13.01,10.76,10.69,.58999997,.87,.46000001,.44999999,.46000001,.61000001,.38999999,.37,.46000001,.28,.28999999,.34999999,.58999997,.41,.33000001,.56,.2,.2,.30000001,.07,.07,0,0,0,0,0,0,0,0,0,0,0,0,0,0,0,0,0,0,0,0,0
Latvia,LVA,10,25,1900165,15.85,16.33,12.73,10.45,14.45,13.16,9.8100004,12.56,15.17,11.41,11.14,12.96,15.85,11.39,11.31,10.95,12.21,9.3299999,9.3900003,8.2200003,11.29,.56999999,.62,.27000001,.07,.44,.31,.039999999,.25,.50999999,.14,.12,.28999999,.56999999,.14,.14,.1,.22,.02,.0099999998,.0099999998,.13,0,0,0,0,0,0,0,0,0,0,0,0,0,0,0,0,0,0,0,0,0
Saint-Martin,MAF,10,0,5373,2.4100001,2.46,2.76,3.3499999,1.92,1.95,1.89,2.3,1.66,2.8399999,1.85,1.73,2.4100001,1.4400001,2.75,1.3200001,1.8200001,2.0799999,2.51,1.4400001,1.49,0,0,0,0,0,0,0,0,0,0,0,0,0,0,0,0,0,0,0,0,0,,,,,,,,,,,,,,,,,,,,,
Morocco,MAR,10,0,35272681,8.1400003,7.3299999,6.79,5.0999999,7.6599998,6.6399999,7.4899998,8.3199997,5.8299999,7.2199998,7.8200002,7.1100001,8.1400003,8.6300001,7.8699999,7.1799998,4.96,7.46,5.8899999,8.5900002,7.02,.02,.0099999998,0,0,.0099999998,0,0,.02,0,.0099999998,.0099999998,0,.02,.029999999,.02,0,0,0,0,.029999999,0,,,,,,,,,,,,,,,,,,,,,
Monaco,MCO,10,0,18599,9.8800001,14.33,12.76,11.77,12.51,14.33,10.25,11.5,10.76,10.94,8.8500004,11.11,9.8800001,11.42,11.14,10.52,7.48,10.83,9.75,8.3800001,9.6800003,0,.41999999,.27000001,.17,.25,.41999999,.02,.15000001,.07,.090000004,0,.11,0,.14,.11,.050000001,0,.079999998,0,0,0,,,,,,,,,,,,,,,,,,,,,
Moldova,MDA,10,0,3403077,13.8,19.290001,15.66,16.24,19.73,14.79,13.92,14.85,16.74,12.98,10.5,15.16,13.8,16.549999,14.64,14.36,11.97,13.01,13.92,11.25,12.07,.37,.91000003,.55000001,.61000001,.94999999,.47,.38,.47999999,.66000003,.28999999,.07,.50999999,.37,.63999999,.44999999,.43000001,.19,.30000001,.38,.12,.2,,,,,,,,,,,,,,,,,,,,,
Madagascar,MDG,10,0,26232697,4.46,2.9000001,3.02,5.5500002,3.29,3.4100001,2.5899999,3.54,3.0799999,3.3900001,3.1099999,4.4299998,4.46,5.2800002,4.5,4.9000001,4.6100001,5.5799999,5.52,3.6199999,3.74,0,0,0,0,0,0,0,0,0,0,0,0,0,0,0,0,0,0,0,0,0,,,,,,,,,,,,,,,,,,,,,
Mexico,MEX,10,15,127187461,12.63,24.620001,30.139999,15.77,15.32,16.450001,12.63,14.61,12.69,13.23,12.92,15.37,12.63,15.36,14.83,15.07,13.5,13.99,13.09,11.92,12.02,.37,1.47,2,.61000001,.56,.69999999,.34999999,.52999997,.36000001,.40000001,.37,.57999998,.37,.56999999,.52999997,.55000001,.41,.46000001,.38,.30000001,.30000001,.19,1.11,1.6,.28999999,.25,.41,.15000001,.23999999,.16,.16,.14,.28,.19,.28,.25999999,.25999999,.17,.18000001,.15000001,.11,.1
Marshall Islands,MHL,10,0,4687,.70999998,.57999998,.56999999,.56,.49000001,.54000002,.56,.70999998,.52999997,.56999999,.54000002,.49000001,.70999998,.54000002,.47,.55000001,.47,.37,.51999998,.52999997,.40000001,0,0,0,0,0,0,0,0,0,0,0,0,0,0,0,0,0,0,0,0,0,,,,,,,,,,,,,,,,,,,,,
Macedonia,MKD,10,0,2114763,13.4,24.77,24.780001,20.68,22.379999,20.42,15.83,21.18,20.02,18.6,16.74,18.709999,13.4,25.67,21.67,19.32,17.48,19.6,18.76,16.360001,16.459999,.34999999,1.45,1.45,1.05,1.21,1.02,.56999999,1.1,.98000002,.83999997,.66000003,.85000002,.34999999,1.54,1.14,.91000003,.73000002,.94,.86000001,.63,.63999999,,,,,,,,,,,,,,,,,,,,,
Mali,MLI,10,0,18962317,12.18,8.9300003,6.4200001,7.4899998,7.48,9.3000002,11.13,10.12,8.1300001,9.5200005,6.5300002,9.2700005,12.18,7.9299998,15.8,8.2700005,10.57,9.3299999,8.3100004,6.3499999,8.8900003,.28,.059999999,.029999999,.029999999,.029999999,.07,.22,.15000001,.029999999,.07,.02,.090000004,.28,.039999999,.58999997,.039999999,.15000001,.07,.029999999,0,.07,,,,,,,,,,,,,,,,,,,,,
Malta,MLT,10,0,453319,3.6700001,5.9899998,4.5700002,6.8200002,7.4099998,5.0100002,4.1799998,7.4299998,6.8200002,5.8000002,5.2800002,5.8899999,3.6700001,7.8400002,6.02,7.23,4.23,8.8999996,3.9000001,5.9000001,7.8299999,0,0,0,0,0,0,0,0,0,0,0,0,0,0,0,0,0,0,0,0,0,,,,,,,,,,,,,,,,,,,,,
Myanmar,MMR,10,0,55197790,18.790001,14.41,14.11,16.030001,16.92,15.61,18.530001,17.73,17.799999,19.780001,17.450001,21.51,18.790001,18.25,21.969999,22.059999,21.459999,20.879999,20.67,19.690001,22.969999,.86000001,.43000001,.40000001,.58999997,.68000001,.55000001,.83999997,.75999999,.75999999,.95999998,.73000002,1.13,.86000001,.81,1.17,1.1799999,1.12,1.0700001,1.05,.94999999,1.27,,,,,,,,,,,,,,,,,,,,,
Montenegro,MNE,10,20,598882,9.7200003,16.01,15.76,13.54,15.74,15.04,10.58,14.94,14.9,14.87,11.48,14.34,9.7200003,17.620001,16.809999,14.65,10.15,15.37,13.97,12.22,12.43,.050000001,.58999997,.56,.34999999,.56,.49000001,.1,.47999999,.47999999,.47999999,.16,.41999999,.050000001,.75,.67000002,.46000001,.079999998,.52999997,.38999999,.22,.23999999,0,0,0,0,0,0,0,0,0,0,0,0,0,.02,0,0,0,0,0,0,0
Mongolia,MNG,10,25,3136538,10.38,9.8699999,10.9,9.5200005,12.9,12.79,7.9899998,8.4399996,9.6300001,9.96,9.5100002,11.19,10.38,10.81,11.92,10.39,9.6199999,9.2200003,11.83,9.3500004,9.3100004,.28,.20999999,.27000001,.2,.38,.41,.14,.17,.23,.23999999,.20999999,.31,.28,.28999999,.37,.28,.23,.19,.34999999,.2,.22,0,0,0,0,0,0,0,0,0,0,0,0,0,0,0,0,0,0,0,0,0
Northern Mariana Islands,MNP,10,0,51718,1.61,1.0599999,1.86,1.91,2.3099999,1.78,2.8499999,1.78,2.28,1.34,1.23,1.75,1.61,1.3,1.6,2,1.41,3.1300001,1.35,1.22,1.5599999,0,0,0,0,0,0,0,0,0,0,0,0,0,0,0,0,0,0,0,0,0,,,,,,,,,,,,,,,,,,,,,
Mozambique,MOZ,10,0,29330278,8.4099998,7.8800001,7.6500001,9.5699997,7.6599998,6.75,6.6199999,7.1799998,7.0500002,8.0600004,7.75,8.0900002,8.4099998,8.5299997,8.5100002,8.3500004,8.5500002,9.0299997,8.5200005,6.8299999,6.9499998,.039999999,.029999999,.029999999,.1,.02,.0099999998,.0099999998,.02,.0099999998,.039999999,.039999999,.039999999,.039999999,.050000001,.050000001,.029999999,.039999999,.059999999,.039999999,.0099999998,.0099999998,,,,,,,,,,,,,,,,,,,,,
Mauritania,MRT,10,0,3980137,5.7800002,5.3400002,5.0100002,4.4899998,3.8499999,5.3200002,4.8899999,5.6799998,3.6500001,5.1900001,3.7,4.73,5.7800002,3.54,8.1999998,5.5700002,6.04,4.1999998,5.0300002,2.98,4.04,.0099999998,.0099999998,0,0,0,0,0,0,0,0,0,0,.0099999998,0,.1,.0099999998,.029999999,0,0,0,0,,,,,,,,,,,,,,,,,,,,,
Montserrat,MSR,10,0,5342,3.25,2.1600001,2.77,2.4200001,1.65,2.01,1.92,2.1400001,1.91,2.55,1.97,1.78,3.25,1.75,3.3,1.58,2.3,2.3199999,2.9300001,1.62,1.71,0,0,0,0,0,0,0,0,0,0,0,0,0,0,0,0,0,0,0,0,0,,,,,,,,,,,,,,,,,,,,,
Martinique,MTQ,10,25,372612,3.6300001,2.95,3.52,4.1700001,2.3599999,2.5799999,2.46,2.75,2,3.2,2.4300001,2.02,3.6300001,1.84,3.78,2.1199999,2.49,2.52,3.52,1.8,1.9,0,0,0,0,0,0,0,0,0,0,0,0,0,0,0,0,0,0,0,0,0,0,0,0,0,0,0,0,0,0,0,0,0,0,0,0,0,0,0,0,0,0
Mauritius,MUS,10,0,1325576,1.36,1.21,1.1799999,1.24,1.11,1.24,1.33,1.76,1.14,1.27,1.3200001,1.2,1.36,1.37,1.34,1.48,1.4299999,1.39,1.28,1.34,1.46,0,0,0,0,0,0,0,0,0,0,0,0,0,0,0,0,0,0,0,0,0,,,,,,,,,,,,,,,,,,,,,
Malawi,MWI,10,8,20454746,10.76,9.0699997,9.21,12.47,10.19,8.8299999,8.7399998,9.04,8.8400002,11.43,9.8000002,11.41,10.76,12.37,12.42,11.16,11.97,12.28,11.78,8.3999996,8.5,.079999998,.0099999998,.0099999998,.23999999,.029999999,0,0,0,0,.14,.029999999,.14,.079999998,.23,.23999999,.11,.19,.22,.17,0,0,.27000001,.11,.12,.44,.20999999,.079999998,.07,.1,.079999998,.34,.18000001,.33000001,.27000001,.43000001,.43000001,.31,.38999999,.41999999,.37,.050000001,.059999999
Malaysia,MYS,10,35,32159921,19.24,24.99,25.84,22.559999,24.629999,20.08,23.27,24.139999,33.59,23.459999,20.700001,24.93,19.24,25.379999,25.190001,25.139999,26.51,29.780001,22,22.139999,23.469999,.94,1.5,1.58,1.26,1.4400001,1.01,1.3099999,1.4,2.3099999,1.34,1.08,1.46,.94,1.52,1.5,1.5,1.63,1.9400001,1.2,1.21,1.34,.02,.30000001,.33000001,.25,.17,.039999999,.029999999,.079999998,.51999998,.079999998,.039999999,.07,.02,.1,.11,.14,.1,.28,.039999999,.07,.039999999
Mayotte,MYT,10,25,245401,2.73,2.79,3.01,3.6600001,2.8699999,3.05,2.49,2.79,2.5799999,2.78,2.48,3.3199999,2.73,3.6199999,3,3.6099999,2.6300001,3.3299999,3.3399999,2.71,2.98,0,0,0,0,0,0,0,0,0,0,0,0,0,0,0,0,0,0,0,0,0,0,0,0,0,0,0,0,0,0,0,0,0,0,0,0,0,0,0,0,0,0
Namibia,NAM,10,0,2578432,8.6199999,7.4400001,7.1500001,7.7199998,8.1700001,7.0799999,6.7399998,6.6300001,6.3400002,6.71,7.8299999,8.5699997,8.6199999,8.29,8.8900003,8.1099997,7.5300002,8.2799997,8.5699997,6.9400001,7.52,.07,.02,.029999999,.029999999,.050000001,0,0,0,0,0,.029999999,.059999999,.07,.079999998,.11,.059999999,.02,.050000001,.090000004,0,.02,,,,,,,,,,,,,,,,,,,,,
New Caledonia,NCL,10,25,282791,1.66,1.73,1.95,2.21,1.84,1.6799999,1.62,1.75,1.53,1.62,2.05,1.77,1.66,2.0699999,1.83,1.88,1.62,1.67,2,1.86,1.89,0,0,0,0,0,0,0,0,0,0,0,0,0,0,0,0,0,0,0,0,0,0,0,0,0,0,0,0,0,0,0,0,0,0,0,0,0,0,0,0,0,0
Niger,NER,10,0,21969069,12.9,4.9899998,5.8200002,4.9899998,6.3899999,6.8899999,7.25,7.7800002,8.0500002,7.0599999,5.6100001,11.35,12.9,5.71,11.73,6.0300002,6.4499998,7.3800001,6.9200001,4.9000001,13.5,.31,0,0,0,.0099999998,.0099999998,.029999999,.02,.02,.029999999,0,.2,.31,0,.23999999,0,.0099999998,.02,.0099999998,0,.38,,,,,,,,,,,,,,,,,,,,,
Norfolk Island,NFK,10,0,1748,.82999998,.87,1.02,1.09,1.3,1.13,.93000001,.97000003,.98000002,.87,.93000001,1.15,.82999998,1.01,.97000003,1.03,.89999998,.85000002,1,.97000003,.97000003,0,0,0,0,0,0,0,0,0,0,0,0,0,0,0,0,0,0,0,0,0,,,,,,,,,,,,,,,,,,,,,
Nigeria,NGA,10,0,208379440,42.900002,27.92,36.27,28.450001,30.23,32.200001,41.639999,39.959999,29.549999,37.52,35.509998,33.41,42.900002,31.120001,38.599998,27.68,27.91,30.68,31.719999,29.75,39.790001,3.22,1.8200001,2.5999999,1.87,2,2.1900001,3.1099999,2.9400001,1.92,2.71,2.52,2.29,3.22,2.0899999,2.8,1.76,1.78,2.03,2.1300001,1.97,2.9200001,,,,,,,,,,,,,,,,,,,,,
Nicaragua,NIC,10,0,6135877,8.2600002,8.6999998,8.1800003,9.3199997,7.5999999,8.4099998,6.0100002,9.6499996,5.9699998,8.79,7.4000001,8.1899996,8.2600002,9.1899996,8.8999996,9.2200003,8.8800001,9.8900003,9.4799995,7.71,7.8299999,.0099999998,.0099999998,.0099999998,.029999999,0,.0099999998,0,.050000001,0,.0099999998,0,.0099999998,.0099999998,.039999999,.0099999998,.039999999,.02,.079999998,.039999999,0,0,,,,,,,,,,,,,,,,,,,,,
Niue,NIU,10,0,1864,.67000002,.68000001,.63,.56,.64999998,.75,.72000003,.81,.72000003,.52999997,.75,.69,.67000002,.62,.55000001,.69,.75,.63999999,.83999997,.72000003,.72000003,0,0,0,0,0,0,0,0,0,0,0,0,0,0,0,0,0,0,0,0,0,,,,,,,,,,,,,,,,,,,,,
Netherlands,NLD,10,25,17179625,18.42,18.68,20.290001,17.049999,19.07,20.51,18.809999,16.540001,17.75,15.73,15.87,15.84,18.42,17.02,15.52,13.91,13.94,13.94,14.3,14.22,13.41,.82999998,.85000002,1.01,.69,.88999999,1.03,.86000001,.63999999,.75999999,.56,.57999998,.56999999,.82999998,.69,.54000002,.38,.38999999,.38999999,.41999999,.41,.33000001,0,0,0,0,0,0,0,0,0,0,0,0,0,0,0,0,0,0,0,0,0
Norway,NOR,10,15,5295934,5.1900001,9.3199997,9.4300003,6.4000001,7.5799999,7.4899998,5.6300001,5.3000002,6.96,5.0599999,4.7800002,6.48,5.1900001,6.3099999,5.27,4.48,5.6300001,4.46,4.5500002,4.2600002,5.5,.0099999998,.15000001,.13,.029999999,.039999999,.039999999,.0099999998,.0099999998,.029999999,.0099999998,.0099999998,.029999999,.0099999998,.02,.0099999998,.0099999998,.0099999998,.0099999998,.0099999998,.0099999998,.0099999998,.0099999998,.029999999,.02,.0099999998,.0099999998,.0099999998,.0099999998,.0099999998,.0099999998,.0099999998,0,.0099999998,.0099999998,.0099999998,.0099999998,0,.0099999998,0,.0099999998,.0099999998,.0099999998
Nepal,NPL,10,0,30033957,56.560001,39.560001,42.450001,53.189999,54.73,48.509998,50.07,44.59,47.43,51.880001,52.150002,61.950001,56.560001,58.68,69.279999,58.220001,60.009998,58.990002,64.580002,58.77,62,4.5599999,2.9000001,3.1800001,4.23,4.3800001,3.77,3.9300001,3.3900001,3.6700001,4.0999999,4.1300001,5.0900002,4.5599999,4.77,5.8099999,4.73,4.9000001,4.8000002,5.3499999,4.7800002,5.0999999,,,,,,,,,,,,,,,,,,,,,
Nauru,NRU,10,0,5885,.50999999,.62,.66000003,.63999999,.76999998,.64999998,.58999997,.80000001,.63999999,.62,.60000002,.63999999,.50999999,.55000001,.62,.70999998,.56,.73000002,.64999998,.63999999,.56,0,0,0,0,0,0,0,0,0,0,0,0,0,0,0,0,0,0,0,0,0,,,,,,,,,,,,,,,,,,,,,
New Zealand,NZL,10,0,4854716,2.4400001,2.5799999,2.4100001,2.6199999,2.46,2.3099999,2.1300001,2.3299999,2.1400001,2.24,2.3,2.0599999,2.4400001,2.3399999,2.22,2.52,2.04,2.1199999,2.1500001,2.6700001,2.5599999,0,0,0,0,0,0,0,0,0,0,0,0,0,0,0,0,0,0,0,0,0,,,,,,,,,,,,,,,,,,,,,
Oman,OMN,10,0,3565444,17.610001,19.030001,22.17,17.379999,21.290001,15.56,18.16,18.780001,25.549999,17.08,27.16,25.620001,17.610001,25.370001,33.189999,24.01,16.530001,23.52,17.889999,19.459999,20.93,.75,.88999999,1.1900001,.72000003,1.11,.54000002,.80000001,.86000001,1.52,.69,1.6799999,1.53,.75,1.51,2.27,1.37,.63999999,1.33,.76999998,.93000001,1.0700001,,,,,,,,,,,,,,,,,,,,,
Pakistan,PAK,10,15,228525745,44.639999,37.720001,41.529999,42.639999,48.84,39.98,44.040001,36.720001,41.919998,37.73,43.27,43.900002,44.639999,47.77,52.25,48.23,44.130001,46.849998,48.830002,47.060001,53.599998,3.3900001,2.72,3.0899999,3.2,3.8099999,2.9400001,3.3399999,2.6199999,3.1300001,2.72,3.26,3.3199999,3.3900001,3.7,4.1399999,3.75,3.3399999,3.6099999,3.8099999,3.6300001,4.27,2.9100001,2.23,2.5999999,2.71,3.3199999,2.45,2.8499999,2.1300001,2.6400001,2.23,2.77,2.8299999,2.9100001,3.21,3.6500001,3.26,2.8599999,3.1199999,3.3199999,3.1400001,3.78
Panama,PAN,10,0,3846852,8.5900002,8.9899998,9.4399996,7.4299998,6.0300002,8.9200001,6.9899998,9.1599998,8.71,9.4099998,8.8000002,6.8899999,8.5900002,7.3699999,7.8899999,7.48,8.9200001,8.9399996,7.7800002,7.4099998,8.5900002,.02,.039999999,.07,0,0,.039999999,.0099999998,.059999999,.029999999,.07,.029999999,0,.02,0,0,0,.029999999,.029999999,0,0,.02,,,,,,,,,,,,,,,,,,,,,
Peru,PER,10,15,31584174,34.139999,35.810001,35.779999,35.91,35.869999,34.93,33.84,33.080002,30.719999,32.470001,31.01,32.919998,34.139999,33.18,33.009998,32.18,32.610001,33.48,33.639999,32.450001,32.400002,2.4100001,2.6300001,2.6400001,2.6099999,2.6099999,2.5699999,2.47,2.3599999,2.1700001,2.29,2.2,2.3099999,2.4100001,2.3299999,2.3099999,2.25,2.29,2.3499999,2.3599999,2.25,2.25,2.0999999,2.3499999,2.3599999,2.3199999,2.3199999,2.3,2.1900001,2.0699999,1.9,2.01,1.9299999,2.02,2.0999999,2.05,2.02,1.97,2.01,2.03,2.05,1.9400001,1.97
Philippines,PHL,10,25,107503168,10.81,15.31,15.88,9.6400003,10.33,11.97,13.59,13.73,14.21,12.86,12.42,12.34,10.81,10.77,10.4,9.9799995,10.01,9.6000004,8.5900002,8.8999996,10.19,.36000001,.76999998,.81,.20999999,.2,.40000001,.5,.58999997,.56999999,.5,.51999998,.36000001,.36000001,.33000001,.28999999,.25999999,.20999999,.15000001,.16,.15000001,.28,.0099999998,.23999999,.25999999,0,0,.02,.050000001,.12,.1,.079999998,.11,0,.0099999998,0,0,0,0,0,0,0,0
Palau,PLW,10,0,21452,.75999999,.92000002,1.05,1.6900001,3.1300001,1.77,2.5999999,1.34,2.29,1.24,.61000001,2.8699999,.75999999,1.33,1.3200001,1.4299999,1.76,3.1500001,1.25,.92000002,1.35,0,0,0,0,0,0,0,0,0,0,0,0,0,0,0,0,0,0,0,0,0,,,,,,,,,,,,,,,,,,,,,
Papua New Guinea,PNG,10,0,6959608,6.5500002,4.8299999,6.0999999,4.3600001,4.6500001,4.52,5,4.3600001,4.6399999,5.04,5.73,4.9400001,6.5500002,5.6100001,5.2600002,5.52,5.1799998,6.4099998,5.7399998,5.5,5.7600002,.0099999998,0,.029999999,0,0,0,0,0,0,0,.0099999998,0,.0099999998,.0099999998,0,0,0,.0099999998,.0099999998,.0099999998,0,,,,,,,,,,,,,,,,,,,,,
Poland,POL,10,25,38334040,29.18,28.389999,26.469999,23.98,29.65,25.219999,21.459999,25.219999,27.08,22.940001,19,23.77,29.18,24.18,22.25,22.299999,20.690001,20.41,20.65,20.290001,19.25,1.88,1.8,1.61,1.37,1.9299999,1.49,1.12,1.49,1.67,1.27,.88,1.35,1.88,1.39,1.2,1.21,1.05,1.02,1.04,1.01,.91000003,.47,.40000001,.25,.15000001,.5,.17,.02,.20999999,.31999999,.090000004,0,.12,.47,.14,.050000001,.059999999,0,.0099999998,.02,0,0
Puerto Rico,PRI,10,15,3240261,3.5999999,2.6400001,4.3600001,2.8299999,2.48,2.76,2.5,2.6900001,2.8399999,3.0999999,2.4000001,2.96,3.5999999,2.1500001,3.71,2.3299999,2.6500001,3.4000001,3.23,2.4300001,2.1800001,0,0,0,0,0,0,0,0,0,0,0,0,0,0,0,0,0,0,0,0,0,0,0,0,0,0,0,0,0,0,0,0,0,0,0,0,0,0,0,0,0,0
North Korea,PRK,10,0,25523566,20.370001,18.15,20.440001,24.59,19.84,24.9,23.290001,21.969999,25.17,22.93,23.41,25.32,20.370001,25.42,22.139999,25.75,25.639999,27.76,24.98,24.059999,22.09,1.02,.80000001,1.02,1.4299999,.95999998,1.46,1.3,1.17,1.49,1.27,1.3099999,1.5,1.02,1.51,1.1900001,1.54,1.53,1.74,1.47,1.38,1.1900001,,,,,,,,,,,,,,,,,,,,,
Portugal,PRT,10,25,10328096,5.3699999,9,7.7600002,7.98,7.9499998,8.54,7.52,7.5700002,6.9699998,8.1400003,5.5100002,6.4400001,5.3699999,6.9699998,5.7399998,5.5100002,4.5700002,5.46,5.5300002,6.0100002,5.02,0,.02,0,0,0,0,0,0,0,0,0,0,0,0,0,0,0,0,0,0,0,0,0,0,0,0,0,0,0,0,0,0,0,0,0,0,0,0,0,0,0,0
Paraguay,PRY,10,15,7098134,7.5500002,10.28,6.79,7.98,10.72,8.9300003,8.4399996,8.3599997,7.5300002,11.25,6.75,6.98,7.5500002,7.4000001,7.8200002,6.4000001,6.8099999,9.04,7.5,7.7399998,7.48,0,.090000004,0,.0099999998,.12,.02,.0099999998,.0099999998,0,.15000001,0,0,0,0,.0099999998,0,0,.029999999,0,.0099999998,0,0,0,0,0,0,0,0,0,0,0,0,0,0,0,0,0,0,0,0,0,0
Palestina,PSE,10,0,4750275,9.8299999,10.93,11.56,11.96,9.29,10.12,10.26,9.8100004,15.09,10.68,11.39,10.09,9.8299999,13.15,13.28,13.22,11.44,14.75,10.18,10.58,14.44,.0099999998,.1,.15000001,.19,0,.050000001,.059999999,.02,.5,.07,.14,.039999999,.0099999998,.31,.31999999,.31999999,.14,.47,.039999999,.059999999,.43000001,,,,,,,,,,,,,,,,,,,,,
French Polynesia,PYF,10,0,231808,.86000001,.81999999,.79000002,.82999998,1.0700001,.86000001,.88999999,1.04,.83999997,.88,.75999999,.77999997,.86000001,.68000001,.57999998,.74000001,.75999999,.70999998,.79000002,.74000001,.77999997,0,0,0,0,0,0,0,0,0,0,0,0,0,0,0,0,0,0,0,0,0,,,,,,,,,,,,,,,,,,,,,
Qatar,QAT,10,0,2406879,31.200001,22.76,32.189999,19.469999,25.370001,22.540001,22.870001,26.940001,32.740002,28.09,39.189999,37.040001,31.200001,29.85,46.189999,31.709999,25.98,40.799999,23.860001,31.940001,36.009998,2.0799999,1.25,2.1700001,.93000001,1.51,1.23,1.26,1.66,2.23,1.77,2.8599999,2.6500001,2.0799999,1.95,3.55,2.1300001,1.5700001,3.02,1.36,2.1500001,2.55,,,,,,,,,,,,,,,,,,,,,
Reunion,REU,10,0,865765,1.54,1.26,1.4299999,1.39,1.3200001,1.49,1.54,2.1099999,1.4400001,1.6799999,1.5599999,1.42,1.54,1.59,1.58,1.79,1.58,1.6,1.48,1.52,1.72,0,0,0,0,0,0,0,0,0,0,0,0,0,0,0,0,0,0,0,0,0,,,,,,,,,,,,,,,,,,,,,
Romania,ROU,10,25,21385457,16.66,23.879999,20.43,18.9,22.09,19.629999,16.75,18.66,19.18,15.52,13.63,17.889999,16.66,20.799999,17.82,16.16,13.84,15.69,15.54,13.94,12.97,.64999998,1.36,1.02,.87,1.1900001,.94,.66000003,.85000002,.89999998,.54000002,.36000001,.76999998,.64999998,1.0599999,.76999998,.60000002,.38,.56,.54000002,.38999999,.28999999,0,.11,.0099999998,0,.02,.0099999998,0,0,0,0,0,0,0,0,0,0,0,0,0,0,0
Russia,RUS,10,25,141660513,15.85,16.15,15.78,14.44,15.74,14.71,13.46,13.12,15.67,12.61,13.54,13.23,15.85,12.78,12.73,12.21,13.68,12.21,13.29,11.83,11.55,.62,.62,.58999997,.46000001,.58999997,.5,.38,.36000001,.57999998,.31,.38,.37,.62,.30000001,.31,.25999999,.38999999,.27000001,.36000001,.23999999,.2,.029999999,.02,0,0,.0099999998,.0099999998,0,0,0,0,0,0,.029999999,0,0,0,0,0,0,0,0
Rwanda,RWA,10,0,12452755,22.299999,20.870001,25.5,25.26,24.620001,19.879999,23.639999,21.299999,19.040001,24.02,23.49,22.83,22.299999,24.98,29.200001,24.85,23.780001,26.280001,26.809999,20.129999,20.030001,1.21,1.0700001,1.52,1.5,1.4299999,.97000003,1.34,1.11,.88999999,1.37,1.3200001,1.26,1.21,1.47,1.88,1.46,1.35,1.6,1.65,.99000001,.98000002,,,,,,,,,,,,,,,,,,,,,
Saudi Arabia,SAU,10,15,33663712,22.43,16.799999,20.74,13.9,16.93,16.65,14.33,17.59,21.459999,20.889999,25.08,23.75,22.43,23.940001,32.759998,22.58,20.540001,27.459999,20.27,25.969999,27.120001,1.22,.69,1.0700001,.41,.69,.66000003,.44999999,.75,1.12,1.0700001,1.48,1.35,1.22,1.37,2.23,1.23,1.04,1.71,1.02,1.5700001,1.6799999,.75999999,.34,.66000003,.13,.28999999,.27000001,.14,.37,.68000001,.62,1.02,.88999999,.75999999,.89999998,1.74,.76999998,.60000002,1.23,.57999998,1.09,1.2
Sudan,SDN,10,0,44340186,15.4,10.51,9.1099997,7.8400002,9.3100004,8.0799999,7.48,9.0200005,11.27,10.9,9.3999996,11.98,15.4,10.96,14.26,9.1099997,9.7299995,11.56,11.46,11.83,13.7,.52999997,.14,.079999998,.039999999,.090000004,.050000001,.02,.07,.2,.19,.1,.25999999,.52999997,.17,.41999999,.07,.11,.17,.2,.27000001,.38,,,,,,,,,,,,,,,,,,,,,
Senegal,SEN,10,0,15359769,9.3400002,9.2799997,8.1000004,6.8699999,6.6100001,7.3000002,6.5900002,8.7200003,6.79,8.1300001,7.8000002,9.46,9.3400002,6.8000002,11.58,8.6599998,8.4300003,8.4399996,7.3400002,5.9899998,6.9299998,.1,.090000004,.029999999,.02,.029999999,.029999999,.039999999,.079999998,.029999999,.050000001,.050000001,.12,.1,.039999999,.23999999,.07,.090000004,.059999999,.029999999,.02,.029999999,,,,,,,,,,,,,,,,,,,,,
Singapore,SGP,10,12,6095272,36.439999,73.290001,79.550003,70.169998,60.34,41.610001,38.75,45.099998,68,47.23,38.970001,45.889999,36.439999,41.650002,48.77,52.799999,43.5,55.970001,39.009998,43.330002,40.16,2.5899999,6.1999998,6.8200002,5.9000001,4.9299998,3.0999999,2.8199999,3.4400001,5.6799998,3.6500001,2.8399999,3.52,2.5899999,3.0999999,3.8,4.1900001,3.28,4.5100002,2.8399999,3.27,2.96,2.3900001,6.0100002,6.6199999,5.6999998,4.7399998,2.9000001,2.6199999,3.24,5.4899998,3.45,2.6400001,3.3199999,2.3900001,2.9100001,3.5999999,4,3.0899999,4.3099999,2.6500001,3.0699999,2.76
Saint Helena,SHN,10,0,45209,2.71,1.83,2.5699999,2.0699999,1.61,1.83,1.8200001,1.8099999,1.77,2,1.66,1.73,2.71,1.49,2.7,1.34,1.72,2.1600001,2.26,1.4400001,1.45,0,0,0,0,0,0,0,0,0,0,0,0,0,0,0,0,0,0,0,0,0,,,,,,,,,,,,,,,,,,,,,
Solomon Islands,SLB,10,0,526637,2.0699999,1.11,1.3,1.38,1.73,1.42,1.4400001,1.27,1.86,2.02,1.46,2.01,2.0699999,1.9400001,2,2.3199999,2.49,2.48,2.79,2.5599999,2.5999999,0,0,0,0,0,0,0,0,0,0,0,0,0,0,0,0,0,0,0,0,0,,,,,,,,,,,,,,,,,,,,,
Sierra Leone,SLE,10,0,6468486,22.49,23.139999,22.889999,18.610001,19.440001,20.540001,26.190001,26.700001,17.370001,22.549999,21.02,22.860001,22.49,23.120001,25.639999,18.85,21.92,21.059999,22.92,17.17,21.58,1.22,1.29,1.26,.83999997,.92000002,1.03,1.59,1.64,.72000003,1.23,1.08,1.26,1.22,1.29,1.53,.87,1.17,1.08,1.27,.69999999,1.13,,,,,,,,,,,,,,,,,,,,,
El Salvador,SLV,10,15,6410909,10.57,15.82,18.18,11.56,10.32,11.65,8.46,10.94,9.5799999,12.2,11.23,12.03,10.57,14.18,12.53,13.48,11.32,13.46,10.95,10.84,12.66,.090000004,.56999999,.80000001,.15000001,.059999999,.16,0,.1,.029999999,.22,.13,.2,.090000004,.41,.25,.34,.13,.34,.11,.11,.25999999,0,.11,.31,0,0,0,0,0,0,0,0,0,0,.050000001,.0099999998,.029999999,0,.02,0,0,0
San Marino,SMR,10,0,34474,10.6,21.58,17.469999,13.8,14.12,16.25,11.89,16.450001,16.09,12.42,11.02,14.69,10.6,14.94,13.11,13.31,9.3299999,14.37,10.52,10.69,12.29,.059999999,1.13,.73000002,.37,.40000001,.61000001,.19,.63,.60000002,.23999999,.1,.46000001,.059999999,.47999999,.30000001,.31999999,0,.43000001,.050000001,.07,.22,,,,,,,,,,,,,,,,,,,,,
Somalia,SOM,10,0,11479544,7.5900002,7.5599999,9.3800001,8.0299997,8.6899996,7.98,8.5900002,6.3600001,8.8999996,7.4299998,7.79,9.6999998,7.5900002,9.3199997,12.38,8.9399996,7.6500001,9.2299995,7.9699998,7.4400001,10.16,.050000001,.079999998,.20999999,.090000004,.16,.1,.14,.050000001,.19,.079999998,.090000004,.22,.050000001,.19,.41,.17,.07,.16,.090000004,.07,.27000001,,,,,,,,,,,,,,,,,,,,,
Saint Pierre and Miquelon,SPM,10,0,23376,2.9100001,2.5999999,2.99,4.1199999,2.0699999,2.04,2.1400001,2.3599999,1.73,2.8900001,2.1199999,1.84,2.9100001,1.62,3.04,1.77,2.0899999,2.21,2.99,1.61,1.73,0,0,0,0,0,0,0,0,0,0,0,0,0,0,0,0,0,0,0,0,0,,,,,,,,,,,,,,,,,,,,,
Serbia,SRB,10,25,7071520,20.51,27.25,21.6,21.129999,21.84,21.299999,16.469999,21.82,20.9,17.379999,15.3,19.23,20.51,24.540001,21.32,19.639999,15.77,20.08,17.66,16.35,16.4,1.03,1.6900001,1.14,1.09,1.16,1.11,.63,1.16,1.0700001,.72000003,.51999998,.89999998,1.03,1.4299999,1.11,.94,.56999999,.99000001,.75,.62,.63,.0099999998,.28999999,0,0,.0099999998,0,0,.0099999998,.0099999998,0,0,0,.0099999998,.079999998,.0099999998,0,0,0,0,0,0
South Sudan,SSD,10,0,10293548,19.26,18.15,17.1,13.16,15.91,15.96,14.1,16.26,15.47,16.610001,14,18.16,19.26,17.16,19.57,15.39,14.97,18.959999,18.709999,17.059999,19.860001,.91000003,.80000001,.69999999,.31999999,.57999998,.57999998,.41,.62,.54000002,.64999998,.38999999,.80000001,.91000003,.69999999,.94,.52999997,.49000001,.88,.85000002,.69,.97000003,,,,,,,,,,,,,,,,,,,,,
São Tomé and Príncipe,STP,10,0,193622,12.15,10.67,15.17,13.37,15.44,15.42,13.61,15.91,11.08,13.83,13.88,11.2,12.15,13.23,9.6800003,11.22,8.8999996,13.62,16.41,10.54,10.62,.20999999,.07,.50999999,.33000001,.52999997,.52999997,.34999999,.57999998,.11,.38,.38,.12,.20999999,.31999999,.0099999998,.12,.0099999998,.34999999,.63,.050000001,.059999999,,,,,,,,,,,,,,,,,,,,,
Suriname,SUR,10,0,620729,7.79,14.69,15.11,9.2799997,6.1199999,7.9099998,7.4699998,8.1000004,9.4300003,10.43,10.46,6.5500002,7.79,4.6599998,12.05,4.6300001,5.1900001,6.0700002,8.2600002,5.4699998,8.5500002,0,.46000001,.5,0,0,0,0,0,.0099999998,.050000001,.050000001,0,0,0,.2,0,0,0,0,0,0,,,,,,,,,,,,,,,,,,,,,
Slovakia,SVK,10,25,5446854,20.91,26.049999,21.870001,21.639999,24.26,21.799999,18.65,22.48,22.780001,18.120001,15.15,20.129999,20.91,21.940001,19.41,19.530001,15.85,19.08,17.959999,16.049999,15.54,1.0700001,1.5700001,1.16,1.14,1.4,1.16,.85000002,1.22,1.25,.80000001,.5,.99000001,1.0700001,1.17,.92000002,.93000001,.56999999,.88999999,.77999997,.58999997,.54000002,0,.14,0,.0099999998,.050000001,0,0,.0099999998,.02,0,0,0,0,.0099999998,0,0,0,0,0,0,0
Slovenia,SVN,10,0,2071887,14.24,24.33,20.120001,16.549999,18.719999,17.41,14.48,18.6,18.15,13.37,13.21,16.25,14.24,16.58,14.14,15.8,12.65,15.07,13.84,11.82,15.29,.41999999,1.4,.99000001,.63999999,.85000002,.73000002,.44,.83999997,.80000001,.33000001,.31,.61000001,.41999999,.64999998,.41,.56999999,.25999999,.5,.38,.18000001,.51999998,,,,,,,,,,,,,,,,,,,,,
Sweden,SWE,10,25,10097961,8.3100004,11.83,11.38,7.23,8.5299997,9.4300003,7.2199998,7.8899999,9.5500002,7.3299999,6.5500002,7.6100001,8.3100004,8,6.0599999,6.4000001,8.1599998,5.9299998,5.6700001,5.9200001,7.3299999,.050000001,.23,.20999999,.0099999998,.039999999,.090000004,.0099999998,.02,.079999998,.02,0,.0099999998,.050000001,.039999999,0,0,.02,0,0,0,.0099999998,0,0,0,0,0,0,0,0,0,0,0,0,0,0,0,0,0,0,0,0,0
Swaziland,SWZ,10,0,1100979,10.17,10.92,11.89,8.8699999,7.7399998,7.3899999,8.5799999,9,9.0500002,8.1800003,9.5500002,8.8299999,10.17,9.0500002,9.4700003,9.2700005,9.2200003,9.6199999,8,9.1899996,9.29,.029999999,.1,.19,0,0,0,0,0,0,0,.0099999998,0,.029999999,0,0,0,0,.0099999998,0,0,0,,,,,,,,,,,,,,,,,,,,,
Sint Maarten,SXM,10,0,43645,3.04,1.92,2.8,2.27,1.63,1.9,1.9400001,1.95,1.9400001,2.1099999,1.74,1.92,3.04,1.62,3.21,1.34,1.91,2.29,2.5,1.47,1.5700001,0,0,0,0,0,0,0,0,0,0,0,0,0,0,0,0,0,0,0,0,0,,,,,,,,,,,,,,,,,,,,,
Seychelles,SYC,10,0,83486,1.26,1.3200001,1.64,1.65,1.54,1.66,1.5700001,1.53,1.22,1.61,1.5,1.61,1.26,1.45,1.6,1.4299999,1.34,1.14,1.55,1.63,1.52,0,0,0,0,0,0,0,0,0,0,0,0,0,0,0,0,0,0,0,0,0,,,,,,,,,,,,,,,,,,,,,
Syria,SYR,10,0,19260833,11.54,11.28,11.39,12.04,10.53,10.23,10.45,12.12,15.7,12.48,12.23,12.07,11.54,15.53,15.13,15.17,12.52,16.15,12.76,11.94,15.23,.16,.16,.14,.2,.079999998,.059999999,.07,.20999999,.56,.23999999,.23,.20999999,.16,.54000002,.5,.50999999,.25,.60000002,.27000001,.19,.50999999,,,,,,,,,,,,,,,,,,,,,
Turks and Caicos Islands,TCA,10,25,54725,3.46,3.1300001,4.4099998,3.1600001,2.72,3.02,3.4100001,3.1500001,3.1300001,3.5799999,2.79,3.27,3.46,2,3.3399999,2.3800001,2.99,2.8099999,2.5599999,2.3699999,2.6600001,0,0,0,0,0,0,0,0,0,0,0,0,0,0,0,0,0,0,0,0,0,0,0,0,0,0,0,0,0,0,0,0,0,0,0,0,0,0,0,0,0,0
Chad,TCD,10,0,16381798,17.299999,12.57,14.57,10.74,13.02,12.98,15.23,15.41,13.26,15.8,14.12,17.040001,17.299999,14.53,20.24,14.91,12.99,17.9,17.129999,14.3,19.450001,.74000001,.46000001,.58999997,.31,.44,.46000001,.66000003,.63999999,.44999999,.69999999,.58999997,.75,.74000001,.62,1.02,.61000001,.44,.83999997,.77999997,.61000001,.95999998,,,,,,,,,,,,,,,,,,,,,
Togo,TGO,10,0,8412179,44.900002,29.5,40.150002,29.940001,35.419998,32.990002,44.450001,38.029999,33.029999,38.41,35.650002,33.150002,44.900002,33.720001,40.439999,26.75,28.450001,32.18,30.440001,25.84,39.09,3.4200001,1.91,2.95,1.95,2.49,2.25,3.3800001,2.75,2.26,2.78,2.51,2.27,3.4200001,2.3199999,2.98,1.64,1.8099999,2.1700001,2,1.55,2.8499999,,,,,,,,,,,,,,,,,,,,,
Thailand,THA,10,25,68776110,21.459999,18.059999,19.68,19.07,20.82,17.9,22.620001,21.139999,20.26,24.07,20.84,21.68,21.459999,21.68,21.52,24.219999,22.16,20.18,23.08,20.41,22.43,1.14,.81,.95999998,.89999998,1.0700001,.77999997,1.24,1.09,1.01,1.38,1.0700001,1.15,1.14,1.15,1.14,1.39,1.1900001,1,1.3,1.02,1.22,.090000004,.02,.07,.0099999998,.050000001,0,.079999998,.02,.02,.16,.059999999,.090000004,.090000004,.059999999,.079999998,.19,.050000001,.0099999998,.11,.0099999998,.079999998
Tajikistan,TJK,10,0,8725021,20.290001,25.66,37.759998,20.620001,23.379999,21.42,18.83,15.01,25.76,20.639999,28.459999,23.780001,20.290001,30.77,20.32,20.629999,23.379999,19.41,19,18.059999,25.83,1.01,1.54,2.72,1.04,1.3099999,1.12,.87,.49000001,1.54,1.04,1.8099999,1.35,1.01,2.04,1.01,1.04,1.3099999,.92000002,.88,.79000002,1.55,,,,,,,,,,,,,,,,,,,,,
Turkmenistan,TKM,10,0,5445341,11.22,9.1099997,15.2,8.5100002,11.11,8.2600002,6.9400001,6.5,11.64,8.7200003,12.54,9.75,11.22,17.02,11.14,8.1499996,12.67,8.4499998,7.9299998,8.7799997,11.47,.14,.039999999,.52999997,.039999999,.14,.029999999,.02,.0099999998,.19,.059999999,.27000001,.1,.14,.69,.15000001,.029999999,.27000001,.029999999,.0099999998,.039999999,.2,,,,,,,,,,,,,,,,,,,,,
Timor-Leste,TLS,10,0,1346525,6.7800002,8.7700005,6.3800001,8.6199999,7.6500001,6.5599999,7.9400001,6.0799999,7.29,8.04,8.3000002,8.8599997,6.7800002,9.54,9.4200001,7.27,10.01,8.9899998,7.6900001,8.46,9.3000002,0,.0099999998,0,.0099999998,0,0,.0099999998,0,0,.0099999998,.02,.02,0,.039999999,.029999999,0,.050000001,.02,0,.0099999998,.029999999,,,,,,,,,,,,,,,,,,,,,
Tonga,TON,10,0,102228,.86000001,.86000001,.88,.69999999,.81999999,.76999998,1.01,.99000001,.86000001,.73000002,1.78,.94,.86000001,.80000001,.76999998,.92000002,.81999999,.73000002,1,.86000001,1.04,0,0,0,0,0,0,0,0,0,0,0,0,0,0,0,0,0,0,0,0,0,,,,,,,,,,,,,,,,,,,,,
Trinidad and Tobago,TTO,10,15,1212387,2.26,2.26,2.1800001,2.6700001,1.91,1.99,1.67,1.72,1.53,2.28,1.83,1.4299999,2.26,1.5599999,2.6300001,1.49,1.74,2.1700001,2.74,1.65,1.64,0,0,0,0,0,0,0,0,0,0,0,0,0,0,0,0,0,0,0,0,0,0,0,0,0,0,0,0,0,0,0,0,0,0,0,0,0,0,0,0,0,0
Tunisia,TUN,10,0,11617187,3.8299999,6.54,5.4200001,7.5700002,8.4200001,4.9000001,4.5300002,8.2600002,7.6399999,4.8099999,6.71,7.1399999,3.8299999,8.3500004,6.2800002,8.3900003,3.95,9.4799995,4.4299998,8.3599997,8.0100002,0,0,0,0,0,0,0,0,0,0,0,0,0,.0099999998,0,0,0,.029999999,0,0,0,,,,,,,,,,,,,,,,,,,,,
Turkey,TUR,10,0,81769338,10.3,14.63,14.45,14.57,15.07,12.26,11.78,12.73,15.7,12.68,11.9,14.31,10.3,18.030001,16.620001,16.02,14.15,17.68,16.07,13.69,15.03,.11,.46000001,.44999999,.44999999,.50999999,.25999999,.20999999,.28999999,.56,.28,.20999999,.43000001,.11,.79000002,.64999998,.58999997,.41,.75,.60000002,.37,.49000001,,,,,,,,,,,,,,,,,,,,,
Tuvalu,TUV,10,0,2817,.54000002,.54000002,.62,.55000001,.63,.63999999,.63,.77999997,.56,.60000002,.55000001,.62,.54000002,.56999999,.52999997,.60000002,.67000002,.47,.56,.52999997,.54000002,0,0,0,0,0,0,0,0,0,0,0,0,0,0,0,0,0,0,0,0,0,,,,,,,,,,,,,,,,,,,,,
Taiwan,TWN,10,15,23568218,19.870001,18.51,22.57,23.629999,23.540001,19.59,21.68,22.209999,21.299999,21.5,20.01,21.969999,19.870001,21.35,20.110001,19.24,20.24,19.139999,17.280001,17.01,16.360001,.97000003,.83999997,1.23,1.34,1.33,.94,1.14,1.2,1.11,1.13,.98000002,1.17,.97000003,1.11,.99000001,.91000003,1.01,.89999998,.72000003,.69,.63,.50999999,.40000001,.75999999,.85000002,.85000002,.47999999,.67000002,.72000003,.63999999,.64999998,.50999999,.69999999,.50999999,.63999999,.51999998,.44999999,.54000002,.43000001,.27000001,.25,.20999999
Tanzania,TZA,10,0,56872030,9.9300003,6.8499999,8.1999998,11.72,9.8500004,8.71,8.8900003,8.3800001,8.0900002,9.6300001,8.2600002,10.16,9.9300003,11.74,12.62,11.08,10.69,12.56,12.52,8.3800001,9.3000002,.12,.039999999,.1,.25999999,.13,.090000004,.12,.079999998,.059999999,.12,.090000004,.12,.12,.23999999,.31,.19,.15000001,.31999999,.31,.079999998,.11,,,,,,,,,,,,,,,,,,,,,
Uganda,UGA,10,0,41790590,17.450001,15.36,17.85,19,17.84,16.120001,17.309999,15.08,15.45,17.02,16.1,16.620001,17.450001,19.200001,21.360001,19.940001,18.370001,22.42,22.09,15.44,18.58,.73000002,.52999997,.76999998,.88,.76999998,.60000002,.72000003,.51999998,.54000002,.69,.60000002,.64999998,.73000002,.89999998,1.11,.97000003,.81999999,1.22,1.1799999,.54000002,.83999997,,,,,,,,,,,,,,,,,,,,,
Ukraine,UKR,10,0,43971185,14.67,18.5,16.49,16.73,17.940001,15,14.44,16.059999,17.84,13.71,12.63,15.44,14.67,16.190001,13.91,13.43,13.11,14.58,13.93,13.39,13.35,.46000001,.82999998,.63999999,.66000003,.77999997,.49000001,.44,.58999997,.76999998,.36000001,.25999999,.52999997,.46000001,.61000001,.38999999,.34,.31,.44999999,.38999999,.33000001,.33000001,,,,,,,,,,,,,,,,,,,,,
Uruguay,URY,10,0,3365274,3.5999999,4.71,4.3600001,3.8699999,4.2800002,3.3199999,3.24,3.46,3.9400001,3.6900001,3.52,4.25,3.5999999,4.1700001,3.76,3.9300001,4.3800001,3.6199999,4.0100002,3.48,3.7,0,0,0,0,0,0,0,0,0,0,0,0,0,0,0,0,0,0,0,0,0,,,,,,,,,,,,,,,,,,,,,
United States,USA,10,12,328472521,7.9099998,12.03,12.37,11.02,11.9,10.56,9.71,10.71,9.6800003,10.32,9.3199997,9.4200001,7.9099998,9.8100004,8.75,8.5100002,8.2700005,8.3699999,7.6599998,7.3899999,8.0900002,.0099999998,.23999999,.28,.17,.23,.14,.079999998,.15000001,.079999998,.12,.059999999,.039999999,.0099999998,.079999998,.02,.0099999998,.0099999998,.0099999998,0,.0099999998,.02,0,.12,.15000001,.059999999,.1,.050000001,.02,.050000001,.0099999998,.02,.0099999998,.0099999998,0,.02,0,0,0,0,0,0,.0099999998
Uzbekistan,UZB,10,0,30439527,21.040001,23.65,31.74,18.82,22.690001,20.709999,18.6,16.360001,24.559999,21.219999,26.719999,22,21.040001,28.629999,21.73,21.620001,24.209999,17.34,19.98,19.620001,23.68,1.08,1.36,2.1300001,.89999998,1.24,1.08,.92000002,.72000003,1.4299999,1.14,1.64,1.2,1.08,1.83,1.15,1.17,1.39,.76999998,1,.97000003,1.35,,,,,,,,,,,,,,,,,,,,,
Vatican City,VAT,10,0,1000,10.54,17.32,14.39,14.18,14.65,14.8,9.6400003,16.190001,16.32,13.86,12.09,15.89,10.54,15.81,13.43,14.85,8.4200001,14.55,11.72,12.73,13.08,.050000001,.72000003,.43000001,.41,.46000001,.47,0,.61000001,.62,.38,.2,.57999998,.050000001,.56999999,.34,.47999999,0,.44999999,.17,.27000001,.30000001,,,,,,,,,,,,,,,,,,,,,
Saint Vincent and the Grenadines,VCT,10,0,56510,2.3499999,2.4300001,2.6800001,3.3699999,2.0899999,2.03,1.9,2.3299999,1.65,2.6600001,1.88,1.73,2.3499999,1.51,2.5799999,1.63,1.85,2,2.45,1.39,1.54,0,0,0,0,0,0,0,0,0,0,0,0,0,0,0,0,0,0,0,0,0,,,,,,,,,,,,,,,,,,,,,
Venezuela,VEN,10,0,28692717,12.32,10.83,9.5,11.5,8.8800001,10.61,8.2200003,9.3400002,8.0699997,9.5500002,9.6199999,8.6700001,12.32,11.87,11.99,9.5500002,10.84,11.16,13.21,11.58,10.11,.34,.25999999,.19,.27000001,.12,.25,.1,.16,.1,.17,.18000001,.11,.34,.31999999,.30000001,.17,.23999999,.27000001,.40000001,.28999999,.20999999,,,,,,,,,,,,,,,,,,,,,
British Virgin Islands,VGB,10,0,36591,2.6800001,1.87,2.9400001,2.1800001,1.78,1.8,1.8099999,1.8200001,1.79,2.23,1.6799999,1.98,2.6800001,1.41,2.8699999,1.48,1.72,2.1700001,2.46,1.7,1.36,0,0,0,0,0,0,0,0,0,0,0,0,0,0,0,0,0,0,0,0,0,,,,,,,,,,,,,,,,,,,,,
"Virgin Islands, U.S.",VIR,10,12,106631,2.9300001,1.99,3.1099999,2.23,1.78,2.0899999,1.85,2.1199999,1.99,2.4300001,1.83,2.27,2.9300001,1.71,3.23,1.83,1.98,2.53,2.79,1.9400001,1.66,0,0,0,0,0,0,0,0,0,0,0,0,0,0,0,0,0,0,0,0,0,0,0,0,0,0,0,0,0,0,0,0,0,0,0,0,0,0,0,0,0,0
Vietnam,VNM,10,25,97876016,26.66,22.84,23.09,21.82,22.17,20.530001,25.27,24.82,25.24,28.27,26.52,23.77,26.66,30.25,26.17,27.91,26.809999,24.280001,25.370001,24.379999,23.700001,1.64,1.3,1.29,1.1900001,1.21,1.04,1.5,1.45,1.49,1.79,1.62,1.35,1.64,1.98,1.59,1.76,1.65,1.4,1.51,1.41,1.34,.66000003,.56,.47,.44999999,.40000001,.25999999,.52999997,.50999999,.56999999,.85000002,.70999998,.46000001,.66000003,.93000001,.69999999,.74000001,.70999998,.44,.58999997,.43000001,.34999999
Vanuatu,VUT,10,0,272427,2.51,2.79,2.6300001,2.6199999,2.05,2.0799999,2.02,2.24,1.88,2.3800001,2.3699999,2.1099999,2.51,2.6800001,2.3900001,2.8399999,2.55,2.29,2.6800001,2.5999999,2.5,0,0,0,0,0,0,0,0,0,0,0,0,0,0,0,0,0,0,0,0,0,,,,,,,,,,,,,,,,,,,,,
Wallis and Futuna,WLF,10,0,15809,1.03,.88999999,.79000002,.72000003,.75999999,.87,.87,1.13,.82999998,.79000002,.86000001,.92000002,1.03,.83999997,.69999999,.86000001,.94,.86000001,1.1799999,.98000002,.75999999,0,0,0,0,0,0,0,0,0,0,0,0,0,0,0,0,0,0,0,0,0,,,,,,,,,,,,,,,,,,,,,
Samoa,WSM,10,0,182320,.81999999,.76999998,.75,.64999998,.77999997,.72000003,.75,1.02,.69999999,.72000003,.69999999,.68000001,.81999999,.66000003,.56,.73000002,.79000002,.64999998,1.02,.75,.72000003,0,0,0,0,0,0,0,0,0,0,0,0,0,0,0,0,0,0,0,0,0,,,,,,,,,,,,,,,,,,,,,
Akrotiri and Dhekelia,XAD,10,0,24463,7.6199999,9.3599997,9.3599997,12.01,7.7800002,7.8299999,8.6700001,9.8699999,14.18,8.3000002,8.8900003,7.8899999,7.6199999,10.57,10.4,10.65,9.4399996,12,9.7399998,7.8600001,11.2,0,.02,.02,.2,0,0,.02,.039999999,.41,.0099999998,.0099999998,.0099999998,0,.059999999,.039999999,.07,.0099999998,.2,.029999999,0,.12,,,,,,,,,,,,,,,,,,,,,
Caspian Sea,XCA,10,0,334818,8.9300003,11.8,10.3,9.1300001,10.81,8.4499998,11.45,7.1999998,12.92,7.1700001,10.52,9.21,8.9300003,11.53,8.2799997,10.02,11.02,10.66,10.29,9.9499998,7.6100001,.029999999,.20999999,.12,.039999999,.13,.02,.18000001,0,.28999999,.0099999998,.13,.059999999,.029999999,.19,.029999999,.1,.15000001,.13,.1,.090000004,.02,,,,,,,,,,,,,,,,,,,,,
Kosovo,XKO,10,0,1916975,13.96,23.92,21.85,18.139999,19.15,17.469999,15.26,19.23,18.43,17.49,15.23,17,13.96,24.65,20.93,18.629999,15.97,18.639999,17.65,15.72,15.51,.38999999,1.36,1.16,.80000001,.89999998,.73000002,.51999998,.89999998,.82999998,.73000002,.50999999,.69,.38999999,1.4400001,1.0700001,.85000002,.58999997,.85000002,.75,.56,.54000002,,,,,,,,,,,,,,,,,,,,,
Northern Cyprus,XNC,10,0,391967,6.9899998,9.2600002,9.1199999,11.41,7.1799998,7.3000002,8.0600004,9.0699997,14.68,7.6799998,8.4799995,7.4400001,6.9899998,9.7799997,9.8199997,10.09,9.0200005,11.17,9.1300001,7.2800002,10.58,0,.0099999998,.0099999998,.14,0,0,0,.0099999998,.46000001,0,0,0,0,.02,.0099999998,.02,.0099999998,.11,.0099999998,0,.059999999,,,,,,,,,,,,,,,,,,,,,
Yemen,YEM,10,0,29286480,15.2,15.35,18.43,12.65,15.82,11.73,13.15,12.1,16.940001,14.57,18.24,20.35,15.2,18.25,29.469999,18.99,14.2,18.379999,14.95,16.389999,21.139999,.50999999,.51999998,.82999998,.25999999,.56999999,.17,.31,.22,.68000001,.44999999,.81,1.01,.50999999,.81,1.91,.88,.41,.81999999,.49000001,.63,1.09,,,,,,,,,,,,,,,,,,,,,
South Africa,ZAF,10,20,55921156,10.32,10.32,10.69,9.6999998,8.6499996,8.3199997,8.8000002,8.5799999,9.5799999,8.6899996,9.6599998,9.8299999,10.32,10.19,10.21,9.4700003,9.9499998,9.8100004,9.6499996,9.4799995,9.5699997,.19,.20999999,.23999999,.14,.090000004,.07,.090000004,.079999998,.15000001,.090000004,.15000001,.18000001,.19,.20999999,.2,.13,.17,.16,.16,.15000001,.15000001,0,0,0,0,0,0,0,0,0,0,0,0,0,0,0,0,0,0,0,0,0
Zambia,ZMB,10,0,16986072,13.22,10.09,11.78,15.7,12.42,11.72,10.58,11.77,10.6,13.56,12.88,13.6,13.22,14.72,14.85,13.15,13.39,14.72,14.65,11.7,11.35,.31999999,.090000004,.19,.56,.23999999,.18000001,.11,.18000001,.1,.34999999,.28999999,.34999999,.31999999,.46000001,.47999999,.31,.33000001,.46000001,.46000001,.18000001,.15000001,,,,,,,,,,,,,,,,,,,,,
Zimbabwe,ZWE,10,0,14261281,9.1000004,6.8800001,8.1400003,12.49,8.9200001,7.8400002,6.8000002,7.9499998,7.4400001,8.21,9.4099998,9.9099998,9.1000004,10.82,10.6,9.7299995,10.61,10.87,10.47,6.96,7.6900001,.0099999998,0,0,.25,.0099999998,0,0,0,0,.0099999998,.029999999,.07,.0099999998,.11,.1,.039999999,.090000004,.1,.090000004,0,0,,,,,,,,,,,,,,,,,,,,,